Ticker,Train Start,Train End,Test Start,Test End,Return_Predicted_Train,Return_Predicted_Test,Market_Return_Train,Market_Return_Test,Ratio_Train,Ratio_Test,Model_train_>_Market_train,Model_test_>_Market_test,C
MDLZ,2005-09-16,2006-03-17,2006-03-20,2006-09-15,0.10069290222164992,0.1510401842360445,0.0037064629172340125,0.1321406920077886,27.166844636015696,1.143025527875561,1,1,0.1
B,2005-09-16,2006-03-17,2006-03-20,2006-09-15,-0.3344316313940254,0.0915000830945553,-0.057736763680109514,0.12565430384879014,5.792351529208383,0.7281890097824636,0,0,0.1
HAL,2005-09-16,2006-03-17,2006-03-20,2006-09-15,0.5057258800643764,0.12010087382367625,0.12255770421265845,-0.12977569266431352,4.126430756134726,-0.9254496844361848,1,1,0.1
KO,2005-09-16,2006-03-17,2006-03-20,2006-09-15,0.021667548363367702,-0.025150881259904098,0.0024388261381882046,0.055581236030032316,8.884416984092375,-0.45250669212023775,1,0,0.1
SHEL,2005-09-16,2006-03-17,2006-03-20,2006-09-15,-0.11510010338511059,-0.08900724961271611,-0.028271313699995915,0.08706041385319759,4.071268304207853,-1.0223618941531947,0,0,0.1
BKR,2006-03-20,2006-09-15,2006-09-18,2007-03-20,0.1755464584934002,-0.0400306283160777,0.004250738027516924,0.023570283441791472,41.29787753491503,-1.6983515881315658,1,0,0.1
ITUB,2006-03-20,2006-09-15,2006-09-18,2007-03-20,0.4958127420468481,-0.0887504925707469,0.03001931036902501,0.14714564719338427,16.516460103575373,-0.6031472507923235,1,0,0.1
BB,2006-03-20,2006-09-15,2006-09-18,2007-03-20,0.2295717264785774,-0.12465652539863517,0.015929944866614934,0.4988856454239036,14.411332142128167,-0.2498699382154289,1,0,0.1
IRM,2006-03-20,2006-09-15,2006-09-18,2007-03-20,0.35944551618160203,-0.04190720497803602,0.02058175144608907,-0.0168731171708909,17.464282236772593,2.483667039919176,1,0,0.1
TGT,2006-03-20,2006-09-15,2006-09-18,2007-03-20,0.2348918514726304,0.056968727538222075,0.018335962581403433,0.14652164547479452,12.810445616357262,0.3888075878046439,1,0,0.1
B,2006-09-18,2007-03-20,2007-03-21,2007-09-18,-0.48065957479835786,0.16526622107272948,-0.021391995845667228,0.31090855447116533,22.469131831647747,0.5315589381380524,0,0,0.1
RF,2006-09-18,2007-03-20,2007-03-21,2007-09-18,-0.020169959765114362,-0.2334549974111653,-0.0004293815320002038,-0.08337908297381827,46.974446411693336,2.7999228233833193,0,0,0.1
LEN,2006-09-18,2007-03-20,2007-03-21,2007-09-18,0.19244227369554887,0.5345343040383919,0.00800871026127657,-0.5370991309784068,24.029121720889176,-0.9952246674923069,1,1,0.1
SHEL,2006-09-18,2007-03-20,2007-03-21,2007-09-18,-0.2642212219575091,0.06539364114660362,-0.0014352029665121047,0.2679126965884473,184.1002479249548,0.24408563677389924,0,0,0.1
NEM,2006-09-18,2007-03-20,2007-03-21,2007-09-18,-0.5409659065920902,0.034874019263264285,-0.011536537887113188,0.060279593665169516,46.891529493989054,0.578537729649877,0,0,0.1
ASX,2007-03-21,2007-09-18,2007-09-19,2008-03-19,0.309572060903212,-0.15172732877925718,0.0050302878822069096,-0.09410382211622434,61.541619118505636,1.6123397048832306,1,0,0.1
PLUG,2007-03-21,2007-09-18,2007-09-19,2008-03-19,-0.6590889944651616,-1.6241683632460366,-0.04768181387331898,0.15571919534575782,13.82264936934297,-10.430110171323095,0,0,0.1
TSM,2007-03-21,2007-09-18,2007-09-19,2008-03-19,-0.4877979880219505,-0.4961280842740123,-0.05420963668569891,0.00563190714303248,8.998362982031143,-88.0923764674987,0,0,0.1
VLY,2007-03-21,2007-09-18,2007-09-19,2008-03-19,-0.1348069359800289,-0.02953470759660091,-0.015941291395682802,-0.10850854173264572,8.45646269389048,0.2721878584394904,0,1,0.1
AMD,2007-03-21,2007-09-18,2007-09-19,2008-03-19,0.19177058683080966,0.14753025481634502,0.008394632097300327,-0.6753103240439136,22.84443017967186,-0.2184629044805652,1,1,0.1
ORCL,2007-09-19,2008-03-19,2008-03-20,2008-09-17,-0.5927165407655502,-0.23656347408580872,-0.02984563247445005,-0.07765364400077712,19.85940627235684,3.0463924408163163,0,0,0.1
KMB,2007-09-19,2008-03-19,2008-03-20,2008-09-17,-0.3446215998782052,-0.1564360163825897,-0.0596119465182403,0.020645058136884407,5.781082819913564,-7.577407404007331,0,0,0.1
FCX,2007-09-19,2008-03-19,2008-03-20,2008-09-17,-0.6066477077059812,-0.08377759426859543,-0.0999351856853771,-0.19387756593782085,6.070411572715456,0.432115979295222,0,1,0.1
QCOM,2007-09-19,2008-03-19,2008-03-20,2008-09-17,-0.12155455271191258,-0.447177243254611,-0.018848958034610293,0.21189682916044247,6.448873857574258,-2.11035363306933,0,0,0.1
XOM,2007-09-19,2008-03-19,2008-03-20,2008-09-17,-0.5389846015931667,-0.3223281248798448,-0.060646244156633014,-0.0925765366399596,8.887353356971518,3.4817474986498422,0,0,0.1
AAPL,2008-03-20,2008-09-17,2008-09-18,2009-03-19,-0.3552368337784718,-0.014844022901572636,-0.002269357768072258,-0.1509211810103137,156.5362847481882,0.0983561273653048,0,1,0.1
TEVA,2008-03-20,2008-09-17,2008-09-18,2009-03-19,-0.20754229861012174,-0.39077728420338176,-0.00586150900697003,-0.0002479045777960369,35.40765669102092,1576.3213720276403,0,0,0.1
BSX,2008-03-20,2008-09-17,2008-09-18,2009-03-19,0.31604644629680273,-0.002429261934871349,0.007066318681086852,-0.35955535240386227,44.72575616249909,0.006756294736346287,1,1,0.1
CVX,2008-03-20,2008-09-17,2008-09-18,2009-03-19,-0.3323622966798255,-0.8152604996842616,-0.005752039659460733,-0.0510674204796952,57.78164205338341,15.964395538803755,0,0,0.1
TJX,2008-03-20,2008-09-17,2008-09-18,2009-03-19,-0.34536970502564523,0.2971002345612723,-0.010874413147639622,-0.17668704329443224,31.75984766595064,-1.681505497073619,0,1,0.1
LEN,2008-09-18,2009-03-19,2009-03-20,2009-09-17,-0.3463976257511222,-0.6714731766770651,-0.00033041076080993215,0.9173114506548171,1048.38481925347,-0.7320013024995361,0,0,0.1
XOM,2008-09-18,2009-03-19,2009-03-20,2009-09-17,-0.9836090487312532,-0.22202723975308433,-0.0016658283647527777,0.0812247236864123,590.4624207051659,-2.733493321691979,0,0,0.1
TEVA,2008-09-18,2009-03-19,2009-03-20,2009-09-17,-0.33078511301123303,0.1065180065528119,-0.0002479045777960369,0.16086172843281857,1334.3243434713254,0.6621712174210382,0,0,0.1
CCJ,2008-09-18,2009-03-19,2009-03-20,2009-09-17,0.625190519995237,0.36562279980563156,0.001712708638377771,0.6344725494260787,365.03028360235265,0.5762625981791663,1,0,0.1
T,2008-09-18,2009-03-19,2009-03-20,2009-09-17,-0.4094280544729191,-0.030253748905795297,-0.0006141197642009237,0.0976982013177076,666.6908937634599,-0.3096653622865815,0,0,0.1
RIG,2009-03-20,2009-09-17,2009-09-18,2010-03-19,0.5903841396217379,-0.07342590312904804,0.39824444190178676,-0.030674650802275685,1.4824667402824312,2.3936997230169195,1,0,0.1
B,2009-03-20,2009-09-17,2009-09-18,2010-03-19,0.38610477576533286,-0.048067437202797034,0.1857064324002,0.10884280396077405,2.079113635295473,-0.4416225552230362,1,0,0.1
MNST,2009-03-20,2009-09-17,2009-09-18,2010-03-19,0.08623174106877247,-0.0788058626464393,0.044195191499763926,0.21659451176935268,1.9511566336177792,-0.3638405331819217,1,0,0.1
HL,2009-03-20,2009-09-17,2009-09-18,2010-03-19,1.3880280693778038,-0.06960827181890779,0.91053778984615,0.3669425645269188,1.5244046813392924,-0.18969800330645845,1,0,0.1
EXAS,2009-03-20,2009-09-17,2009-09-18,2010-03-19,1.8564622800698773,-0.578531300569652,0.9821993869346927,0.5400757872837108,1.890107349652943,-1.0712039202485852,1,0,0.1
UMC,2009-09-18,2010-03-19,2010-03-22,2010-09-17,-0.14475550949887886,-0.19891081106639394,-0.00973251169546021,-0.2564055015264055,14.873396922440994,0.7757665490102966,0,1,0.1
AMAT,2009-09-18,2010-03-19,2010-03-22,2010-09-17,-0.26107545846590813,-0.15719764212669962,-0.005140102967078345,-0.11307214642033835,50.79187326364095,1.3902419570450852,0,0,0.1
BAC,2009-09-18,2010-03-19,2010-03-22,2010-09-17,-0.18045334495431656,-0.2311067851733984,-0.012802972162189381,-0.19771140921389171,14.094644795623614,1.168909705779186,0,0,0.1
NOK,2009-09-18,2010-03-19,2010-03-22,2010-09-17,-0.1764669393122398,-0.15679648657811293,-0.013861617407251116,-0.33066718457571276,12.730616790788687,0.4741821804280409,0,1,0.1
ON,2009-09-18,2010-03-19,2010-03-22,2010-09-17,-0.13057067847593698,-0.09868291003079055,-0.007681807220552629,-0.17406578407895226,16.997390682572185,0.5669288226457546,0,1,0.1
MRK,2010-03-22,2010-09-17,2010-09-20,2011-03-18,-0.12838098113670185,-0.09724795017629301,-0.019461822118829936,-0.10504612112962997,6.596555058043057,0.9257643131466626,0,1,0.1
MRVL,2010-03-22,2010-09-17,2010-09-20,2011-03-18,-0.6582941630062568,0.33547423989989283,-0.09021231322690712,-0.0929182599186004,7.297165314345482,-3.610423184783915,0,1,0.1
C,2010-03-22,2010-09-17,2010-09-20,2011-03-18,0.2692350379850838,-0.39919317217961464,0.01743473969004465,0.14149257078897673,15.442446676666973,-2.8213012877896952,1,0,0.1
DVN,2010-03-22,2010-09-17,2010-09-20,2011-03-18,-0.20194952048585532,0.28591763167096296,-0.004880232850913265,0.37646389049640355,41.381123945359164,0.7594822209746419,0,0,0.1
RF,2010-03-22,2010-09-17,2010-09-20,2011-03-18,-0.2847070922991379,0.009267473359517414,-0.04427392319540879,0.051397525175482316,6.430581971300479,0.18030971973604268,0,0,0.1
KMB,2010-09-20,2011-03-18,2011-03-21,2011-09-16,-0.10907243445362019,-0.10107639065426482,-0.013953532511915981,0.0943633311001294,7.816833075099439,-1.07114055296556,0,0,0.1
EXAS,2010-09-20,2011-03-18,2011-03-21,2011-09-16,-0.1408868832052701,-0.39152562554996395,-0.027544806186659776,0.3809582390416949,5.114825722516901,-1.0277389630287337,0,0,0.1
NEE,2010-09-20,2011-03-18,2011-03-21,2011-09-16,-0.1433091251922494,0.018529677663126704,-0.008291303550709502,0.056354319383379106,17.28426951392778,0.3288066977984258,0,0,0.1
WIT,2010-09-20,2011-03-18,2011-03-21,2011-09-16,-0.3338111199016039,0.29525645448151194,-0.027928088367572438,-0.2971414725428074,11.952523048057778,-0.9936561596563269,0,1,0.1
HPQ,2010-09-20,2011-03-18,2011-03-21,2011-09-16,0.32381352039944966,0.36488871335423884,0.06644408007090023,-0.5173542698577861,4.873474356991912,-0.7052975777208564,1,1,0.1
MRVL,2011-03-21,2011-09-16,2011-09-19,2012-03-19,0.23141740738703526,-0.07947824745976093,0.01766049974621241,0.051046984559768555,13.103672643050013,-1.5569626324685941,1,0,0.1
CSCO,2011-03-21,2011-09-16,2011-09-19,2012-03-19,-0.21403708674812055,0.044467575626033026,-0.007292457255551232,0.2256313267158382,29.350475326432562,0.19708068145180846,0,0,0.1
GOOG,2011-03-21,2011-09-16,2011-09-19,2012-03-19,-0.17720251582925745,0.10117814599878738,-0.02482971757945064,0.16643216906401473,7.136710889370416,0.6079242166210745,0,0,0.1
AZN,2011-03-21,2011-09-16,2011-09-19,2012-03-19,-0.10163621292233126,-0.047688551175152145,-0.003930423894000515,0.0783728291953975,25.85884262444847,-0.6084832162464883,0,0,0.1
GOOGL,2011-03-21,2011-09-16,2011-09-19,2012-03-19,-0.17720110890475815,0.1011779008419909,-0.024829751561504795,0.1664321179352349,7.136644459201305,0.6079229303646972,0,0,0.1
CDE,2011-09-19,2012-03-19,2012-03-20,2012-09-17,-0.5821502827354121,0.28293978682709453,-0.02820296053412492,0.20997229111350438,20.64146003505639,1.3475101182476799,0,1,0.1
PLUG,2011-09-19,2012-03-19,2012-03-20,2012-09-17,0.21161843737190278,0.016683773958817184,0.043708098704031625,-0.6312246969872153,4.841629895751634,-0.02643080037654974,1,1,0.1
FCX,2011-09-19,2012-03-19,2012-03-20,2012-09-17,0.2657141760397655,0.3889983921668998,0.052625037884958654,0.10483521948154703,5.049196859879358,3.7105697311519514,1,1,0.1
CTRA,2011-09-19,2012-03-19,2012-03-20,2012-09-17,0.24653743016424245,-0.23158433713923193,0.008642354586062106,0.3554565649201904,28.52665066090251,-0.6515123365107319,1,0,0.1
NOK,2011-09-19,2012-03-19,2012-03-20,2012-09-17,-0.10271946590065986,-0.18946474454972523,-0.010168530695933745,-0.379084802737806,10.101701904851993,0.4997951465777132,0,1,0.1
MSFT,2012-03-20,2012-09-17,2012-09-18,2013-03-21,-0.18440328224044802,0.0804731778993781,-0.0005739775532889978,-0.07921691705695505,321.2726372029412,-1.015858491962264,0,1,0.1
BAC,2012-03-20,2012-09-17,2012-09-18,2013-03-21,-0.2572984005398536,0.1278512594914539,-0.0125257379309868,0.33515591972546777,20.541576229479933,0.38146800329882036,0,0,0.1
B,2012-03-20,2012-09-17,2012-09-18,2013-03-21,-0.012802752807399481,0.009339291991786826,-0.00043277178902673824,-0.31661530618791334,29.58315013136977,-0.029497285220455808,0,1,0.1
CNQ,2012-03-20,2012-09-17,2012-09-18,2013-03-21,0.5208713600769236,0.0290451221288206,0.010909505714995466,-0.025634340943951686,47.74472590091494,-1.1330551541124632,1,1,0.1
BSX,2012-03-20,2012-09-17,2012-09-18,2013-03-21,-0.4082382432539343,0.033088982293256686,-0.023541164567657397,0.2627874531427782,17.341463379207774,0.12591538103335062,0,0,0.1
MRK,2012-09-18,2013-03-21,2013-03-22,2013-09-19,0.1718501747951948,-0.10677902593563039,0.019748760152544394,0.12013586401413139,8.701820948139568,-0.8888188952723572,1,0,0.1
MRVL,2012-09-18,2013-03-21,2013-03-22,2013-09-19,0.3788441518210622,0.09874088008822857,0.04056741645519667,0.23773811856019644,9.338631466449533,0.41533465767386774,1,0,0.1
SLB,2012-09-18,2013-03-21,2013-03-22,2013-09-19,-0.16195506307532298,0.043666973862549606,-0.01603596739285393,0.19667344280740226,10.099488176029505,0.22202781036030197,0,0,0.1
EXAS,2012-09-18,2013-03-21,2013-03-22,2013-09-19,-0.0787096948549895,-0.11887433514086815,-0.008084528860349906,0.25561700652376285,9.735841904284188,-0.46504861612099846,0,0,0.1
USB,2012-09-18,2013-03-21,2013-03-22,2013-09-19,-0.10262191509755061,0.11237464033055379,-0.001146911277552079,0.1323672554955341,89.47676869703703,0.848961020683436,0,0,0.1
MSTR,2013-03-22,2013-09-19,2013-09-20,2014-03-21,0.14694871365676848,-0.12015671566787445,0.01847303206860603,0.1731682722782305,7.954769585795299,-0.6938725788914607,1,0,0.1
PBR,2013-03-22,2013-09-19,2013-09-20,2014-03-21,0.24117843663945668,0.12688439080225786,0.025709088932573468,-0.2831881797040855,9.381057309031403,-0.44805680425943045,1,1,0.1
CPRT,2013-03-22,2013-09-19,2013-09-20,2014-03-21,0.16179818353797842,0.05954349311923738,0.011411940426045115,0.09593170145430999,14.177973026279693,0.6206863030319184,1,0,0.1
CNQ,2013-03-22,2013-09-19,2013-09-20,2014-03-21,0.15458392362559953,-0.05599617154869108,0.00964142618509841,0.18796580709834237,16.033304685205312,-0.29790615864189746,1,0,0.1
T,2013-03-22,2013-09-19,2013-09-20,2014-03-21,-0.10246271877625102,-0.044038452658227,-0.006442236525829203,0.0409304637114611,15.904836521515746,-1.0759333920249632,0,0,0.1
CAG,2013-09-20,2014-03-21,2014-03-24,2014-09-19,-0.0718192661186159,-0.0757340525715924,-0.006439908682833686,0.1342959549350293,11.152218091237595,-0.5639339815427172,0,0,0.1
KGC,2013-09-20,2014-03-21,2014-03-24,2014-09-19,-0.2825240770038609,-0.05703568940291543,-0.041552659637918585,-0.23183894471304123,6.799181555782908,0.2460142728544222,0,1,0.1
KO,2013-09-20,2014-03-21,2014-03-24,2014-09-19,-0.1148503878650529,0.0691465535378642,-0.004739536417873494,0.10891599286995479,24.232409615407757,0.6348613432778865,0,0,0.1
ITUB,2013-09-20,2014-03-21,2014-03-24,2014-09-19,-0.30679009483261743,0.08417342003892986,-0.00850895304117985,0.2647518911538773,36.054975664794355,0.3179332154043317,0,0,0.1
IRM,2013-09-20,2014-03-21,2014-03-24,2014-09-19,0.08437995915713548,0.1003726588113224,0.004447843659835287,0.29047236000302457,18.97098135869736,0.3455497755802902,1,0,0.1
AMZN,2014-03-24,2014-09-19,2014-09-22,2015-03-23,-0.39670721693614835,0.08267022208238242,-0.03178097174158204,0.17060105295960343,12.482538928068678,0.4845821326903409,0,0,0.1
KEY,2014-03-24,2014-09-19,2014-09-22,2015-03-23,-0.022928739623539578,-0.0092495670058395,-0.0033435279188486974,0.08131101839513562,6.857648621470105,-0.11375539488253229,0,0,0.1
QCOM,2014-03-24,2014-09-19,2014-09-22,2015-03-23,-0.08068327884033281,-0.09192954522514435,-0.010866409624487323,-0.0530302800101292,7.425017243829463,1.7335293196186232,0,0,0.1
VLY,2014-03-24,2014-09-19,2014-09-22,2015-03-23,-0.1999758278794175,-0.23054736532912212,-0.0020121717884494968,-0.0056544626241824296,99.3830790329842,40.77263935623885,0,0,0.1
BSX,2014-03-24,2014-09-19,2014-09-22,2015-03-23,-0.21914024937090867,0.029214516069637,-0.017995869199566,0.3984837202373141,12.177252842902059,0.07331420227716832,0,0,0.1
JNJ,2014-09-22,2015-03-23,2015-03-24,2015-09-21,-0.15922261801479087,0.0214096098490785,-0.02490383792293354,-0.06928943771062801,6.393497199408182,-0.3089880731676738,0,1,0.1
C,2014-09-22,2015-03-23,2015-03-24,2015-09-21,0.021289778511735902,0.114629993877913,0.0034847405145067203,-0.009197677609404927,6.109430077536078,-12.462928007033002,1,1,0.1
VLY,2014-09-22,2015-03-23,2015-03-24,2015-09-21,-0.1434895444832879,-0.048646044334287465,-0.0056544626241824296,0.03800264964557727,25.376336182615557,-1.2800698053418196,0,0,0.1
LYG,2014-09-22,2015-03-23,2015-03-24,2015-09-21,-0.1469447200381743,-0.02707662179983201,-0.015895880062227814,-0.015141269148299705,9.244201608399651,1.788266329237836,0,0,0.1
LNW,2014-09-22,2015-03-23,2015-03-24,2015-09-21,0.4912904090549277,0.13878963273615275,0.039264578012481566,0.17126998748577024,12.51230584723856,0.8103558292586663,1,0,0.1
EQT,2015-03-24,2015-09-21,2015-09-22,2016-03-22,-0.20980944514595,-0.18962221950383246,-0.0583503006275117,-0.07695898676081245,3.5956874752934267,2.4639386182821754,0,0,0.1
PPL,2015-03-24,2015-09-21,2015-09-22,2016-03-22,0.1088883811483724,-0.09994083608003412,0.028034299882454112,0.20793169702837896,3.8841127335062366,-0.48064262211255837,1,0,0.1
MNST,2015-03-24,2015-09-21,2015-09-22,2016-03-22,-0.2458918308736714,-0.031208713378985037,-0.0028762260268302255,0.028487802946985098,85.49113615547768,-1.0955114171866278,0,0,0.1
BCS,2015-03-24,2015-09-21,2015-09-22,2016-03-22,0.17208927605689325,-0.33840109481364167,0.04623115147593567,-0.4658027770186168,3.7223662089937237,0.7264900758634094,1,1,0.1
VALE,2015-03-24,2015-09-21,2015-09-22,2016-03-22,-0.5051486603799258,0.8897011898118712,-0.08495827700062254,0.0789709226219627,5.9458439861748165,11.266187101180394,0,1,0.1
PLUG,2015-09-22,2016-03-22,2016-03-23,2016-09-20,1.4418677821934391,-0.0686612588111441,0.0805687393293508,-0.10094517259374877,17.896119440312177,0.6801836783960888,1,1,0.1
CTRA,2015-09-22,2016-03-22,2016-03-23,2016-09-20,-0.2613407242991678,-0.24638955351628972,-0.01041527092958107,0.1604054696828227,25.09207163847438,-1.5360420938480925,0,0,0.1
HAL,2015-09-22,2016-03-22,2016-03-23,2016-09-20,0.22236760762023167,-0.25596226690109203,0.00617246417845487,0.19517544405492576,36.02574291097727,-1.311447083625232,1,0,0.1
ABT,2015-09-22,2016-03-22,2016-03-23,2016-09-20,-0.140713487522469,0.2422714970399342,-0.0035426992105983953,0.04323514551225069,39.719287232037175,5.6035776951713165,0,1,0.1
BBWI,2015-09-22,2016-03-22,2016-03-23,2016-09-20,-0.2317412668054393,0.12484678008601328,-0.012915282741011292,-0.12568878157431407,17.9431818453007,-0.9933009018167389,0,1,0.1
ORCL,2016-03-23,2016-09-20,2016-09-21,2017-03-22,-0.1919261301564242,0.0726062185352673,-0.026921339398797487,0.13962660125227022,7.1291449252705865,0.5200027636860264,0,0,0.1
HD,2016-03-23,2016-09-20,2016-09-21,2017-03-22,-0.09707912437428619,0.07143472622017459,-0.010886915408895914,0.15718437840562863,8.91704589666977,0.4544645399546688,0,0,0.1
VZ,2016-03-23,2016-09-20,2016-09-21,2017-03-22,-0.17610371888127122,0.0732597353709661,-0.005196661635803095,-0.014310124404936992,33.88785555480101,-5.11943385661214,0,1,0.1
BB,2016-03-23,2016-09-20,2016-09-21,2017-03-22,0.14668080182301332,0.09824032074639097,0.004529032709151521,-0.08560071840714739,32.386783501612825,-1.1476576665995388,1,1,0.1
HST,2016-03-23,2016-09-20,2016-09-21,2017-03-22,0.33974432319683784,0.13592627862221016,0.036866352218040736,0.16341584215265229,9.215566573754542,0.8317815263910386,1,0,0.1
INFY,2016-09-21,2017-03-22,2017-03-23,2017-09-20,-0.29685529596141597,-0.1778926151793574,-0.006976034816817278,-0.031134978857415993,42.55358577709224,5.71359357570225,0,0,0.1
ABEV,2016-09-21,2017-03-22,2017-03-23,2017-09-20,-0.3299629686408426,0.11179910925711269,-0.042658332526819706,0.2349695372308986,7.735017969429342,0.4758025681739779,0,0,0.1
CTRA,2016-09-21,2017-03-22,2017-03-23,2017-09-20,-0.7065949289369382,0.12852414515378638,-0.08727421169305068,0.16134307105039844,8.096262518211915,0.7965891830188327,0,0,0.1
NOK,2016-09-21,2017-03-22,2017-03-23,2017-09-20,-0.09599416544929186,-0.1775444251463107,-0.012106459811573439,0.17962478921492567,7.929168967919433,-0.9884182796945372,0,0,0.1
JHX,2016-09-21,2017-03-22,2017-03-23,2017-09-20,-0.23009507826020478,0.09524636693349027,-0.008408993073847616,-0.07506186760870555,27.36297630875828,-1.2689048376734469,0,1,0.1
ASX,2017-03-23,2017-09-20,2017-09-21,2018-03-22,-0.15787946199855868,0.11259532161674389,-0.00414451532696471,0.16714980101566124,38.0935886450645,0.6736192381479065,0,0,0.1
INFY,2017-03-23,2017-09-20,2017-09-21,2018-03-22,-0.1656045537960695,-0.21204152868167883,-0.031134978857415993,0.21230334276963403,5.318922956539102,-0.998766792436993,0,0,0.1
LOW,2017-03-23,2017-09-20,2017-09-21,2018-03-22,-0.11925511191384121,0.14432830070061892,-0.037053026317820294,0.11935542750331926,3.218498561789179,1.2092311486765457,0,1,0.1
AMD,2017-03-23,2017-09-20,2017-09-21,2018-03-22,0.30136033640154397,-0.14588189299281,0.09497117835777988,-0.15104672822304052,3.173176763862455,0.9658063746829131,1,1,0.1
VZ,2017-03-23,2017-09-20,2017-09-21,2018-03-22,0.09834837363547441,0.1436080530855454,0.029035228430716896,-0.0106855014504155,3.387208537730321,-13.439523989766645,1,1,0.1
PTEN,2017-09-21,2018-03-22,2018-03-23,2018-09-20,0.20072515012192574,0.09936785646823003,0.024977944918726507,0.013140159682716219,8.036095474429434,7.562149841978905,1,1,0.1
MDT,2017-09-21,2018-03-22,2018-03-23,2018-09-20,0.06803943211480681,-0.2817822552750471,0.009646358895907682,0.2554289120880901,7.053379710314478,-1.1031729061973552,1,0,0.1
PFE,2017-09-21,2018-03-22,2018-03-23,2018-09-20,0.231639137144479,0.09383653670438682,0.01577848208219261,0.2607256674024565,14.680698430801776,0.359905250753623,1,0,0.1
TSCO,2017-09-21,2018-03-22,2018-03-23,2018-09-20,0.2986504970974688,-0.08021869778063977,0.013856151065464915,0.4356301439396807,21.55364037866371,-0.18414404718454747,1,0,0.1
CVX,2017-09-21,2018-03-22,2018-03-23,2018-09-20,0.06435936982954132,-0.23491351388520526,0.006003560386114035,0.08349688948275212,10.720200296211171,-2.813440301075301,1,0,0.1
PTEN,2018-03-23,2018-09-20,2018-09-21,2019-03-25,0.12287568442723323,0.611008178782181,0.013140159682716219,-0.1674043470205527,9.351156104202948,-3.649894340600163,1,1,0.1
EQT,2018-03-23,2018-09-20,2018-09-21,2019-03-25,0.1756666731961338,-0.26843174398547104,0.03307753563412829,-0.19587593002637274,5.310754559807256,1.370417202099969,1,0,0.1
MRVL,2018-03-23,2018-09-20,2018-09-21,2019-03-25,-0.39498600932900696,0.256191152511017,-0.09742682511262576,0.09225410508673884,4.054181267555436,2.7770162885450116,0,1,0.1
CTRA,2018-03-23,2018-09-20,2018-09-21,2019-03-25,-0.13159011740164867,-0.017293347706730765,-0.004631078635268314,0.1623424210952706,28.414572017740017,-0.1065238992375392,0,0,0.1
^VIX,2018-03-23,2018-09-20,2018-09-21,2019-03-25,-1.6686921154751548,0.601443495991289,-0.41154086802350787,0.7929342233445449,4.054742177828707,0.7585036416443719,0,0,0.1
GGB,2018-09-21,2019-03-25,2019-03-26,2019-09-23,-0.4591429823967776,-0.0127601985846009,-0.018404291689872402,-0.1924903608817461,24.947604077011935,0.06629006525911164,0,1,0.1
NKE,2018-09-21,2019-03-25,2019-03-26,2019-09-23,-0.493500492244032,0.15281723982134465,-0.009102634042434842,0.06795132492545257,54.215130471402176,2.24892215109854,0,1,0.1
APH,2018-09-21,2019-03-25,2019-03-26,2019-09-23,0.17468038092469204,0.14807726316482478,0.007770940568048709,0.010143208247137808,22.478666436198786,14.5986614448746,1,1,0.1
AMD,2018-09-21,2019-03-25,2019-03-26,2019-09-23,-0.4555214427462379,-0.28536318156755436,-0.0177079256606447,0.24105776802622178,25.724156034753396,-1.1837958341027746,0,0,0.1
DIS,2018-09-21,2019-03-25,2019-03-26,2019-09-23,-0.0517266038548089,-0.23552268454464031,-0.00444921185050525,0.20673732375573511,11.626015032063455,-1.1392364004040014,0,0,0.1
AMZN,2019-03-26,2019-09-23,2019-09-24,2020-03-24,0.20553641453560614,-0.0036171107201946745,0.012113910064629859,0.13456270884006,16.966975438898995,-0.026880483838163063,1,0,0.1
NVDA,2019-03-26,2019-09-23,2019-09-24,2020-03-24,0.22230768258349337,-0.7771911779564741,0.026680395918244525,0.46875580620376545,8.332248264407331,-1.6579873095345374,1,0,0.1
PPL,2019-03-26,2019-09-23,2019-09-24,2020-03-24,0.06798810662293671,-0.33272746532217445,0.006817078555602396,-0.31515829168642995,9.973202753702004,1.0557471407200834,1,0,0.1
HL,2019-03-26,2019-09-23,2019-09-24,2020-03-24,-0.7086634833970227,0.07490931355523331,-0.03978078813314646,0.20014331117583706,17.814214264059405,0.37427837640510153,0,0,0.1
HPQ,2019-03-26,2019-09-23,2019-09-24,2020-03-24,0.1027118067260411,-0.22053470269455158,0.0010242059518247096,-0.07599358447053733,100.2843290873787,2.902017377270219,1,0,0.1
ORCL,2019-09-24,2020-03-24,2020-03-25,2020-09-22,-0.6411670734309108,-0.25772701692985167,-0.04342584544402213,0.3087194304891404,14.764642274090072,-0.8348260312656852,0,0,0.1
AMAT,2019-09-24,2020-03-24,2020-03-25,2020-09-22,-0.5015373572615927,-0.13855122700962816,-0.007889886453983919,0.33393222085485985,63.56711977880828,-0.414908230942614,0,0,0.1
CTRA,2019-09-24,2020-03-24,2020-03-25,2020-09-22,-0.3616117570219253,-0.21254949373344673,-0.004472705138898636,0.22724658752572505,80.84855714655247,-0.9353253487662843,0,0,0.1
MU,2019-09-24,2020-03-24,2020-03-25,2020-09-22,-0.11157889578575786,-0.2642894258613745,-0.007873156446790541,0.22195872763170782,14.17206638021813,-1.1907142768447712,0,0,0.1
TGT,2019-09-24,2020-03-24,2020-03-25,2020-09-22,-0.3216169994698199,-0.2763805304304957,-0.010663030545355293,0.5644666874986092,30.16187547262659,-0.48963125114655537,0,0,0.1
OXY,2020-03-25,2020-09-22,2020-09-23,2021-03-24,0.4833882960864524,0.7041174577807816,0.16592414896962598,1.1100086826722406,2.9133088769070095,0.6343350901415344,1,0,0.1
RIG,2020-03-25,2020-09-22,2020-09-23,2021-03-24,1.4539695887308004,0.4410666618244356,0.3229864075355471,1.6147999200982728,4.501643272931788,0.2731401310681223,1,0,0.1
WDC,2020-03-25,2020-09-22,2020-09-23,2021-03-24,-0.14166991962746758,-0.5083026932222843,-0.02191948388014525,0.5546367928535093,6.463195958541375,-0.9164604652481777,0,0,0.1
BP,2020-03-25,2020-09-22,2020-09-23,2021-03-24,-0.7208273896029253,0.22866551608291102,-0.17326328341109362,0.40960997405150185,4.160300875129164,0.5582518262950307,0,0,0.1
SHEL,2020-03-25,2020-09-22,2020-09-23,2021-03-24,-0.5094528656452589,0.43252775585591496,-0.15967490831513692,0.5020888244357037,3.1905630698080296,0.8614566483172211,0,0,0.1
GSK,2020-09-23,2021-03-24,2021-03-25,2021-09-22,-0.0412862220101686,-0.013404441535184802,-0.009663333605552485,0.1166835390035999,4.2724616261251525,-0.11487859941213517,0,0,0.1
IAG,2020-09-23,2021-03-24,2021-03-25,2021-09-22,-0.583455799354283,-0.8573652690293687,-0.11326180254340314,-0.23234962098257678,5.151390727078501,3.6899792020476765,0,0,0.1
WMT,2020-09-23,2021-03-24,2021-03-25,2021-09-22,-0.13277444078429623,-0.0843902528662453,-0.004585244994227824,0.07472619683353753,28.956891278751847,-1.1293262127903516,0,0,0.1
VZ,2020-09-23,2021-03-24,2021-03-25,2021-09-22,-0.034817600112215366,0.006835885204358495,-0.0050703147026719695,-0.03534194529035899,6.866950505827002,-0.1934213057090344,0,1,0.1
BSX,2020-09-23,2021-03-24,2021-03-25,2021-09-22,0.3722450401548731,0.005850843316333405,0.017882072828495004,0.1660442947304018,20.816660558595995,0.035236641679457524,1,0,0.1
FHN,2021-03-25,2021-09-22,2021-09-23,2022-03-23,-0.3841616736776879,0.14993653113717348,-0.055157481183616845,0.44121207207668034,6.964815387396507,0.3398287141860327,0,0,0.1
CCL,2021-03-25,2021-09-22,2021-09-23,2022-03-23,-0.5018780876144565,0.37798721410499575,-0.036538689054058146,-0.21644544657824216,13.735525291340899,-1.7463394129123357,0,1,0.1
RF,2021-03-25,2021-09-22,2021-09-23,2022-03-23,-0.18240322639285939,-0.28864599955245457,-0.0241729381564211,0.15778644931030955,7.545761512834852,-1.8293459344204588,0,0,0.1
HST,2021-03-25,2021-09-22,2021-09-23,2022-03-23,-0.1649036946499663,0.03016570258277118,-0.008600930280415971,0.11015189933285424,19.172774255064763,0.27385549196584635,0,0,0.1
LUMN,2021-03-25,2021-09-22,2021-09-23,2022-03-23,-0.26424731946732105,0.39412133517737297,-0.016582941637560515,-0.06920583793513843,15.934888106269304,-5.694914575656957,0,1,0.1
CAG,2021-09-23,2022-03-23,2022-03-24,2022-09-22,0.017839246764525994,-0.122686353602954,0.0010861038745210942,0.10727137187562322,16.424991368704966,-1.1437007978718108,1,0,0.1
AMAT,2021-09-23,2022-03-23,2022-03-24,2022-09-22,-0.2812211263154075,-0.128591962322777,-0.014280566722794878,-0.423681278967645,19.69257465577453,0.3035110794512993,0,1,0.1
WMT,2021-09-23,2022-03-23,2022-03-24,2022-09-22,0.26772052005252744,0.10070286056351889,0.010359868783688619,-0.03565384092113523,25.842076346955995,-2.8244603656102383,1,1,0.1
USB,2021-09-23,2022-03-23,2022-03-24,2022-09-22,-0.0996731126653368,0.10447482188276021,-0.023699066863887674,-0.228965289715077,4.205782161711074,-0.45629109116394034,0,1,0.1
GOOGL,2021-09-23,2022-03-23,2022-03-24,2022-09-22,0.03176615199957661,-0.2842985202478909,0.0015116840414127735,-0.3093499787614577,21.013750975295697,0.9190190391676599,1,1,0.1
PLUG,2022-03-24,2022-09-22,2022-09-23,2023-03-24,0.8731502944977446,0.3622230771192792,0.05722295767364129,-0.5821695086160316,15.258741071679092,-0.6221952056204003,1,1,0.1
SLB,2022-03-24,2022-09-22,2022-09-23,2023-03-24,-0.4222247912711816,0.26179728447358547,-0.03677728806887643,0.2966540988817308,11.480585259044656,0.8825001422884707,0,0,0.1
NEE,2022-03-24,2022-09-22,2022-09-23,2023-03-24,0.2325433105734104,-0.315096843535009,0.0288589373506733,-0.05304158295140404,8.057930468738656,5.940562592630321,1,0,0.1
APA,2022-03-24,2022-09-22,2022-09-23,2023-03-24,0.17236725067654124,-0.11162840641534401,0.012466436172167514,0.12195499024487409,13.826505690645357,-0.9153246307609448,1,0,0.1
TEVA,2022-03-24,2022-09-22,2022-09-23,2023-03-24,0.678616487020906,0.14115500374910148,0.07021950621427217,0.10220447364688896,9.66421616452462,1.381103964556234,1,1,0.1
ABEV,2022-09-23,2023-03-24,2023-03-27,2023-09-25,-0.17531565153069884,0.2353817761080302,-0.006250652378499198,-0.001326016252416527,28.047576623160843,-177.51047596820277,0,1,0.1
EXC,2022-09-23,2023-03-24,2023-03-27,2023-09-25,0.09788130340537303,0.10946055300093599,0.0005220975552598754,0.018249462205106846,187.4770383796422,5.9980152713927675,1,1,0.1
ABT,2022-09-23,2023-03-24,2023-03-27,2023-09-25,-0.11789079970062705,0.016401784824623927,-0.002272132680686833,0.009343780568910678,51.88552618546482,1.7553692216614296,0,1,0.1
BCS,2022-09-23,2023-03-24,2023-03-27,2023-09-25,-0.2498623574162519,0.006783594617406075,-0.005857578568790531,0.16397971763605168,42.656253686042035,0.04136849797767105,0,0,0.1
VZ,2022-09-23,2023-03-24,2023-03-27,2023-09-25,-0.11321541900438142,0.046572171445375614,-0.004012191893512732,-0.09023293839076117,28.217847503116232,-0.5161327146822039,0,1,0.1
KEY,2023-03-27,2023-09-25,2023-09-26,2024-03-26,-0.4510783332526572,-0.26375361727225094,-0.05754447244386847,0.436837880306886,7.838777802553666,-0.6037791802463641,0,0,0.1
FCX,2023-03-27,2023-09-25,2023-09-26,2024-03-26,0.273295855098966,-0.08285678992387548,0.015219843095911952,0.23932111920896584,17.95654878809974,-0.34621595535631844,1,0,0.1
HBAN,2023-03-27,2023-09-25,2023-09-26,2024-03-26,-0.3230935933443796,0.09840205176438463,-0.0126162790654343,0.3118975722339015,25.609261785400868,0.31549476662995607,0,0,0.1
BAC,2023-03-27,2023-09-25,2023-09-26,2024-03-26,-0.025885617492540994,0.279659610316486,-0.0016351925406103438,0.3417114680844387,15.830317745260174,0.818408617902694,0,0,0.1
MS,2023-03-27,2023-09-25,2023-09-26,2024-03-26,0.18388811581002348,0.1945663105390015,0.01076393648919506,0.14486429253403052,17.083723598203324,1.3430936439585022,1,1,0.1
PCG,2023-09-26,2024-03-26,2024-03-27,2024-09-25,-0.07852360513852173,-0.13701214310989313,-0.006427760813063491,0.18101636815546873,12.216323447962454,-0.7569047180982998,0,0,0.1
NOK,2023-09-26,2024-03-26,2024-03-27,2024-09-25,-0.24231332325199412,0.06610546355733991,-0.002596133151908062,0.2324768842764932,93.33624628378662,0.28435284550148343,0,0,0.1
BP,2023-09-26,2024-03-26,2024-03-27,2024-09-25,0.14831224047675762,0.14365894383107491,0.008349071248495987,-0.13175376057170793,17.76392080777545,-1.0903593431239293,1,1,0.1
XOM,2023-09-26,2024-03-26,2024-03-27,2024-09-25,0.09142621204894938,0.025506435074413004,0.0068644692541053026,0.024060425270934188,13.318759056903321,1.0600990958054946,1,1,0.1
ES,2023-09-26,2024-03-26,2024-03-27,2024-09-25,-0.2212506537970816,0.00010729533842041526,-0.012769819418896199,0.1466899268250378,17.32605971464913,0.0007314431245738514,0,0,0.1
ASX,2024-03-27,2024-09-25,2024-09-26,2025-03-28,-0.20147468789922093,-0.19302209701416398,-0.01380869852594447,-0.1441785283697706,14.59041831644599,1.3387714467380722,0,0,0.1
MSTR,2024-03-27,2024-09-25,2024-09-26,2025-03-28,-1.1167325256961758,0.4897925823816074,-0.026327960217414077,0.8426654059051553,42.41621897307245,0.5812420670758319,0,0,0.1
EQT,2024-03-27,2024-09-25,2024-09-26,2025-03-28,0.4358108376019688,0.3875255671502342,0.004158656861458908,0.4460718439983968,104.79605606341876,0.8687514631648147,1,0,0.1
AMAT,2024-03-27,2024-09-25,2024-09-26,2025-03-28,-0.4480708876769835,-0.0687022355394864,-0.0002753485593405226,-0.3218173042658315,1627.2861160056254,0.2134821049981083,0,1,0.1
ON,2024-03-27,2024-09-25,2024-09-26,2025-03-28,-1.0452501964650591,0.2912800900270964,-0.016297593417025684,-0.534689287144573,64.13524805282678,-0.544765150584246,0,1,0.1
OXY,2024-09-26,2025-03-28,2025-03-31,2025-09-29,0.1310447427966714,-0.2095042450025424,0.004820842057687388,0.03063520311612855,27.18295709101389,-6.83867654503144,1,0,0.1
KEY,2024-09-26,2025-03-28,2025-03-31,2025-09-29,0.10195407735219242,-0.3644515341006669,0.003688741801709909,0.2194668743363623,27.639255559966763,-1.6606220651873695,1,0,0.1
DVN,2024-09-26,2025-03-28,2025-03-31,2025-09-29,0.29903391791847844,-0.4300298736316612,0.0069327740310859915,0.024117055959063577,43.1333715158802,-17.830943974322416,1,0,0.1
TJX,2024-09-26,2025-03-28,2025-03-31,2025-09-29,0.12641897399874824,-0.02990438797434561,0.013795110973784622,0.17921616976801089,9.164041828948463,-0.16686210855335096,1,0,0.1
CRM,2024-09-26,2025-03-28,2025-03-31,2025-09-29,0.2492493473544331,-0.2756152470779377,0.006212540209755021,-0.05945739432726587,40.120359617642094,4.635508336623264,1,0,0.1
