Ticker,Train Start,Train End,Test Start,Test End,Return_Predicted_Train,Return_Predicted_Test,Train < Test,Trigger_Up,Trigger_Down
CDE,2005-08-10,2006-02-08,2006-02-09,2006-08-09,0.2850426584468005,-0.1344473704657579,0,0.8811111111111111,-0.99
AMZN,2005-08-10,2006-02-08,2006-02-09,2006-08-09,0.45834219729368725,0.2880938476590072,0,0.01,-0.22777777777777777
PTEN,2005-08-10,2006-02-08,2006-02-09,2006-08-09,0.19733358595773975,0.031411648226801425,0,0.8811111111111111,-0.7722222222222221
INTC,2005-08-10,2006-02-08,2006-02-09,2006-08-09,0.3104258798397753,-0.17189232004384167,0,0.99,-0.22777777777777777
AAPL,2005-08-10,2006-02-08,2006-02-09,2006-08-09,0.44869834637121836,-0.31137461368693586,0,0.11888888888888888,-0.99
QCOM,2005-08-10,2006-02-08,2006-02-09,2006-08-09,0.2705942848126353,0.23332543142751952,0,0.33666666666666667,-0.6633333333333333
DVN,2005-08-10,2006-02-08,2006-02-09,2006-08-09,0.13662305159370486,-0.09208538880790172,0,0.99,-0.99
HAL,2005-08-10,2006-02-08,2006-02-09,2006-08-09,0.46582139849550963,0.17103101815244023,0,0.01,-0.01
WDC,2005-08-10,2006-02-08,2006-02-09,2006-08-09,0.181215203495874,0.31872440401603097,1,0.99,-0.99
EXAS,2005-08-10,2006-02-08,2006-02-09,2006-08-09,1.0494497343372207,0.30296822223735886,0,0.01,-0.7722222222222221
BKR,2005-08-10,2006-02-08,2006-02-09,2006-08-09,0.3453126332846345,0.20447968489520807,0,0.01,-0.8811111111111111
ITUB,2005-08-10,2006-02-08,2006-02-09,2006-08-09,0.27634388759627165,-0.18574900576728423,0,0.01,-0.99
VZ,2005-08-10,2006-02-08,2006-02-09,2006-08-09,0.20774124745401318,-0.06721603231023758,0,0.44555555555555554,-0.8811111111111111
LNW,2005-08-10,2006-02-08,2006-02-09,2006-08-09,0.402680782213212,0.12343669341699602,0,0.01,-0.8811111111111111
CDE,2006-02-09,2006-08-09,2006-08-10,2007-02-09,0.6250898457296996,-0.2213981179687308,0,0.33666666666666667,-0.01
AMZN,2006-02-09,2006-08-09,2006-08-10,2007-02-09,0.42418166481481157,-0.2740431840178125,0,0.5544444444444444,-0.01
PTEN,2006-02-09,2006-08-09,2006-08-10,2007-02-09,0.9898991137714271,0.04865477027603053,0,0.6633333333333333,-0.01
OXY,2006-02-09,2006-08-09,2006-08-10,2007-02-09,0.29080101964753696,-0.2508088199712236,0,0.7722222222222221,-0.11888888888888888
ERIC,2006-02-09,2006-08-09,2006-08-10,2007-02-09,0.2685439768414509,0.2179706019232986,0,0.22777777777777777,-0.33666666666666667
PBR-A,2006-02-09,2006-08-09,2006-08-10,2007-02-09,0.31631372548723197,-0.07381862408315529,0,0.22777777777777777,-0.22777777777777777
GGB,2006-02-09,2006-08-09,2006-08-10,2007-02-09,0.9175024533753724,0.015853252206925045,0,0.44555555555555554,-0.11888888888888888
CTRA,2006-02-09,2006-08-09,2006-08-10,2007-02-09,0.322297097991702,-0.11109402430150202,0,0.22777777777777777,-0.33666666666666667
RIG,2006-02-09,2006-08-09,2006-08-10,2007-02-09,0.5812174192597224,-0.19487395627004622,0,0.44555555555555554,-0.8811111111111111
SLB,2006-02-09,2006-08-09,2006-08-10,2007-02-09,0.38585785182954446,-0.08321433402983495,0,0.99,-0.7722222222222221
APA,2006-02-09,2006-08-09,2006-08-10,2007-02-09,0.3542381483698793,0.2340234075835073,0,0.01,-0.99
BSX,2006-02-09,2006-08-09,2006-08-10,2007-02-09,0.45999247651216724,0.1277075498183976,0,0.11888888888888888,-0.11888888888888888
GOOG,2006-02-09,2006-08-09,2006-08-10,2007-02-09,0.2170954925725413,-0.36515080935770433,0,0.99,-0.33666666666666667
GOOGL,2006-02-09,2006-08-09,2006-08-10,2007-02-09,0.21709477608008282,-0.3651514094575256,0,0.99,-0.33666666666666667
PTEN,2006-08-10,2007-02-09,2007-02-12,2007-08-10,0.25222124436694077,-0.013157320816559168,0,0.7722222222222221,-0.5544444444444444
PLUG,2006-08-10,2007-02-09,2007-02-12,2007-08-10,0.17421360248381212,-0.30390453410500845,0,0.99,-0.99
EQNR,2006-08-10,2007-02-09,2007-02-12,2007-08-10,0.2981951479360727,0.3309552978977799,1,0.01,-0.5544444444444444
F,2006-08-10,2007-02-09,2007-02-12,2007-08-10,0.503420371881,-0.351023517203938,0,0.11888888888888888,-0.5544444444444444
QCOM,2006-08-10,2007-02-09,2007-02-12,2007-08-10,0.3080940160053638,-0.10929291341506811,0,0.5544444444444444,-0.99
NOK,2006-08-10,2007-02-09,2007-02-12,2007-08-10,0.22419913673071218,-0.30970554903192105,0,0.6633333333333333,-0.99
NGD,2006-08-10,2007-02-09,2007-02-12,2007-08-10,0.15544669695783753,-0.1418984221342265,0,0.33666666666666667,-0.99
EXAS,2006-08-10,2007-02-09,2007-02-12,2007-08-10,0.5187424597329937,-0.14061203572618408,0,0.44555555555555554,-0.99
AMD,2006-08-10,2007-02-09,2007-02-12,2007-08-10,0.3265591515755264,0.11603045481254735,0,0.8811111111111111,-0.99
XOM,2006-08-10,2007-02-09,2007-02-12,2007-08-10,0.14041414580344333,0.062479767895899964,0,0.7722222222222221,-0.99
^VIX,2006-08-10,2007-02-09,2007-02-12,2007-08-10,0.6600607002933725,1.3219697598782574,1,0.01,-0.01
CNQ,2006-08-10,2007-02-09,2007-02-12,2007-08-10,0.31276900039481365,0.12393606163559077,0,0.99,-0.99
CCJ,2006-08-10,2007-02-09,2007-02-12,2007-08-10,0.12968409850404722,0.32806007770054446,1,0.99,-0.99
NFLX,2006-08-10,2007-02-09,2007-02-12,2007-08-10,0.45354432924398913,0.12667326208435176,0,0.11888888888888888,-0.11888888888888888
FHN,2007-02-12,2007-08-10,2007-08-13,2008-02-11,0.4080126396293138,0.04627380829012102,0,0.99,-0.01
NVO,2007-02-12,2007-08-10,2007-08-13,2008-02-11,0.14393490893695743,-0.1989982652709993,0,0.7722222222222221,-0.99
EQT,2007-02-12,2007-08-10,2007-08-13,2008-02-11,0.20150821202047714,0.18006992301082497,0,0.11888888888888888,-0.99
GSK,2007-02-12,2007-08-10,2007-08-13,2008-02-11,0.15401945784668822,-0.08877834927752881,0,0.99,-0.11888888888888888
AAPL,2007-02-12,2007-08-10,2007-08-13,2008-02-11,0.3172146590097635,-0.09907906221924109,0,0.5544444444444444,-0.99
IAG,2007-02-12,2007-08-10,2007-08-13,2008-02-11,0.3256112974269793,0.28694758252197905,0,0.8811111111111111,-0.6633333333333333
EXC,2007-02-12,2007-08-10,2007-08-13,2008-02-11,0.2897838571287107,-0.26921416755211086,0,0.33666666666666667,-0.99
MU,2007-02-12,2007-08-10,2007-08-13,2008-02-11,0.09944767277542703,-0.41515541763843333,0,0.99,-0.99
HD,2007-02-12,2007-08-10,2007-08-13,2008-02-11,0.21543849040300223,-0.11688195363985764,0,0.11888888888888888,-0.01
SBUX,2007-02-12,2007-08-10,2007-08-13,2008-02-11,0.38525673440054536,0.3089031694546969,0,0.11888888888888888,-0.01
LEN,2007-02-12,2007-08-10,2007-08-13,2008-02-11,0.7294487076453058,-0.11078523733220798,0,0.8811111111111111,-0.11888888888888888
BBWI,2007-02-12,2007-08-10,2007-08-13,2008-02-11,0.3055411476743647,0.18848901116017014,0,0.11888888888888888,-0.8811111111111111
IRM,2007-02-12,2007-08-10,2007-08-13,2008-02-11,0.24003056357842129,-0.18478367507898003,0,0.22777777777777777,-0.6633333333333333
NFLX,2007-02-12,2007-08-10,2007-08-13,2008-02-11,0.5690186819114456,-0.130624529365549,0,0.5544444444444444,-0.22777777777777777
NVDA,2007-08-13,2008-02-11,2008-02-12,2008-08-11,0.27798197234330313,-0.9986871357494878,0,0.44555555555555554,-0.8811111111111111
EQT,2007-08-13,2008-02-11,2008-02-12,2008-08-11,0.32005960143856144,-0.2311092166470437,0,0.01,-0.99
GGB,2007-08-13,2008-02-11,2008-02-12,2008-08-11,0.5148160014563896,0.2655980011799372,0,0.11888888888888888,-0.99
AAPL,2007-08-13,2008-02-11,2008-02-12,2008-08-11,0.6803539795047536,-0.046985074947053354,0,0.01,-0.01
IAG,2007-08-13,2008-02-11,2008-02-12,2008-08-11,0.38498331834836286,0.1530753163146489,0,0.99,-0.33666666666666667
VTRS,2007-08-13,2008-02-11,2008-02-12,2008-08-11,0.2463096577538733,0.2590040236323943,1,0.99,-0.44555555555555554
C,2007-08-13,2008-02-11,2008-02-12,2008-08-11,0.5157798397879263,-0.13502902424471858,0,0.99,-0.11888888888888888
NOK,2007-08-13,2008-02-11,2008-02-12,2008-08-11,0.29179129720701397,0.24641546546566673,0,0.6633333333333333,-0.99
SLB,2007-08-13,2008-02-11,2008-02-12,2008-08-11,0.16279734805516682,-0.08554433803567689,0,0.99,-0.99
CPRT,2007-08-13,2008-02-11,2008-02-12,2008-08-11,0.21721700379217662,0.08007325452554825,0,0.8811111111111111,-0.99
BBD,2007-08-13,2008-02-11,2008-02-12,2008-08-11,0.44047473116437574,0.07630857004829114,0,0.44555555555555554,-0.8811111111111111
BB,2007-08-13,2008-02-11,2008-02-12,2008-08-11,0.41410773201537665,0.17827259714576593,0,0.99,-0.99
LNW,2007-08-13,2008-02-11,2008-02-12,2008-08-11,0.7253039694464652,-0.450728616704938,0,0.99,-0.33666666666666667
BBWI,2007-08-13,2008-02-11,2008-02-12,2008-08-11,0.4103196117255513,0.1094593393657714,0,0.01,-0.01
CDE,2008-02-12,2008-08-11,2008-08-12,2009-02-10,0.6375214033709947,1.0811636433402,1,0.11888888888888888,-0.11888888888888888
MRK,2008-02-12,2008-08-11,2008-08-12,2009-02-10,0.3092958590174829,-0.11562690365787638,0,0.6633333333333333,-0.99
KGC,2008-02-12,2008-08-11,2008-08-12,2009-02-10,0.47006814954846576,0.8319918808405161,1,0.8811111111111111,-0.7722222222222221
IAG,2008-02-12,2008-08-11,2008-08-12,2009-02-10,0.6923992204610366,0.27424312888342944,0,0.7722222222222221,-0.7722222222222221
BAC,2008-02-12,2008-08-11,2008-08-12,2009-02-10,0.6610245939498631,0.02595045547795527,0,0.99,-0.7722222222222221
TU,2008-02-12,2008-08-11,2008-08-12,2009-02-10,0.5121327953484156,0.29726206386042936,0,0.01,-0.01
VTRS,2008-02-12,2008-08-11,2008-08-12,2009-02-10,0.4606379004322367,0.6334752696276497,1,0.6633333333333333,-0.6633333333333333
B,2008-02-12,2008-08-11,2008-08-12,2009-02-10,0.6299105397147926,0.42577693518261234,0,0.5544444444444444,-0.33666666666666667
RF,2008-02-12,2008-08-11,2008-08-12,2009-02-10,0.553060374353013,-0.128315191414893,0,0.99,-0.99
HL,2008-02-12,2008-08-11,2008-08-12,2009-02-10,0.7228688382073112,-0.5921357592061528,0,0.8811111111111111,-0.7722222222222221
SLB,2008-02-12,2008-08-11,2008-08-12,2009-02-10,0.2762131661409451,-0.2959547112164942,0,0.8811111111111111,-0.44555555555555554
BCS,2008-02-12,2008-08-11,2008-08-12,2009-02-10,0.28664235273002575,-0.014205507334821524,0,0.8811111111111111,-0.22777777777777777
BBWI,2008-02-12,2008-08-11,2008-08-12,2009-02-10,0.17360001484693569,-0.5870006089890663,0,0.8811111111111111,-0.99
CCJ,2008-02-12,2008-08-11,2008-08-12,2009-02-10,0.5590894459610792,0.2815444413122333,0,0.5544444444444444,-0.44555555555555554
EQT,2008-08-12,2009-02-10,2009-02-11,2009-08-11,0.7648366007513735,-0.47909706218947123,0,0.7722222222222221,-0.11888888888888888
PLUG,2008-08-12,2009-02-10,2009-02-11,2009-08-11,0.3545213303263936,-0.12820276759235205,0,0.6633333333333333,-0.99
FCX,2008-08-12,2009-02-10,2009-02-11,2009-08-11,0.3399111323880467,0.35037652473375897,1,0.99,-0.8811111111111111
F,2008-08-12,2009-02-10,2009-02-11,2009-08-11,1.4468923369725373,0.9790929928867531,0,0.44555555555555554,-0.44555555555555554
MRVL,2008-08-12,2009-02-10,2009-02-11,2009-08-11,0.7274313908415333,-0.7609936434505699,0,0.8811111111111111,-0.22777777777777777
VTRS,2008-08-12,2009-02-10,2009-02-11,2009-08-11,0.8053252677120314,-0.20927521203352611,0,0.6633333333333333,-0.01
MU,2008-08-12,2009-02-10,2009-02-11,2009-08-11,1.316869357449144,-0.5217665583873297,0,0.11888888888888888,-0.01
MS,2008-08-12,2009-02-10,2009-02-11,2009-08-11,1.5796038588412558,0.009188480267835229,0,0.7722222222222221,-0.6633333333333333
HAL,2008-08-12,2009-02-10,2009-02-11,2009-08-11,0.8607004582548652,0.19306451043189668,0,0.6633333333333333,-0.01
LOW,2008-08-12,2009-02-10,2009-02-11,2009-08-11,0.1530671437726126,-0.10731444530144502,0,0.99,-0.8811111111111111
NGD,2008-08-12,2009-02-10,2009-02-11,2009-08-11,2.759393828240883,0.1314867818136008,0,0.33666666666666667,-0.11888888888888888
EXAS,2008-08-12,2009-02-10,2009-02-11,2009-08-11,1.6944446806954792,-0.6570679624036403,0,0.33666666666666667,-0.11888888888888888
BB,2008-08-12,2009-02-10,2009-02-11,2009-08-11,0.28729807664469365,-0.12826097581855517,0,0.7722222222222221,-0.7722222222222221
VALE,2008-08-12,2009-02-10,2009-02-11,2009-08-11,1.493636023349821,0.2329098221781072,0,0.01,-0.01
CDE,2009-02-11,2009-08-11,2009-08-12,2010-02-10,1.27251707553035,0.08361472563676381,0,0.01,-0.7722222222222221
GAP,2009-02-11,2009-08-11,2009-08-12,2010-02-10,0.6060220368452256,0.06743419903633882,0,0.11888888888888888,-0.99
GGB,2009-02-11,2009-08-11,2009-08-12,2010-02-10,0.8088601791058809,-0.2384490937879334,0,0.11888888888888888,-0.7722222222222221
AAPL,2009-02-11,2009-08-11,2009-08-12,2010-02-10,0.3828065638899223,0.09151385416773537,0,0.33666666666666667,-0.99
F,2009-02-11,2009-08-11,2009-08-12,2010-02-10,1.458353819158012,-0.6013341082604813,0,0.44555555555555554,-0.99
TSM,2009-02-11,2009-08-11,2009-08-12,2010-02-10,0.3110351567981303,0.2548221125021103,0,0.01,-0.99
MU,2009-02-11,2009-08-11,2009-08-12,2010-02-10,0.869262836222831,0.040396300960177656,0,0.33666666666666667,-0.33666666666666667
C,2009-02-11,2009-08-11,2009-08-12,2010-02-10,3.4527915271138667,0.1895138838089691,0,0.6633333333333333,-0.11888888888888888
RF,2009-02-11,2009-08-11,2009-08-12,2010-02-10,0.2434946137915068,0.20460373115809755,0,0.99,-0.99
HL,2009-02-11,2009-08-11,2009-08-12,2010-02-10,1.2102858091715334,0.7897245826885768,0,0.44555555555555554,-0.22777777777777777
EXAS,2009-02-11,2009-08-11,2009-08-12,2010-02-10,2.986293451891902,-0.4122842974665894,0,0.01,-0.01
LEN,2009-02-11,2009-08-11,2009-08-12,2010-02-10,0.6180208478204727,0.20354470622914708,0,0.33666666666666667,-0.8811111111111111
APA,2009-02-11,2009-08-11,2009-08-12,2010-02-10,0.5582326138353246,0.057122737315736374,0,0.6633333333333333,-0.99
LRCX,2009-02-11,2009-08-11,2009-08-12,2010-02-10,0.32062874837109,0.15512004842317828,0,0.8811111111111111,-0.99
AMZN,2009-08-12,2010-02-10,2010-02-11,2010-08-11,0.292904326545561,0.3489198810460599,1,0.11888888888888888,-0.8811111111111111
OXY,2009-08-12,2010-02-10,2010-02-11,2010-08-11,0.32190406185041115,-0.0603737017933543,0,0.7722222222222221,-0.44555555555555554
BA,2009-08-12,2010-02-10,2010-02-11,2010-08-11,0.2669748424351087,0.32307999784876035,1,0.01,-0.99
GGB,2009-08-12,2010-02-10,2010-02-11,2010-08-11,0.4521838689082924,0.005693127395741765,0,0.6633333333333333,-0.8811111111111111
KGC,2009-08-12,2010-02-10,2010-02-11,2010-08-11,0.2358982589943532,0.035639391902359686,0,0.99,-0.8811111111111111
PBR,2009-08-12,2010-02-10,2010-02-11,2010-08-11,0.4941303102444332,0.23541312263923053,0,0.11888888888888888,-0.11888888888888888
HL,2009-08-12,2010-02-10,2010-02-11,2010-08-11,0.6231590167402631,-0.0592304907935203,0,0.6633333333333333,-0.99
AMD,2009-08-12,2010-02-10,2010-02-11,2010-08-11,0.6240318273682264,-0.13591663398975887,0,0.01,-0.99
ITUB,2009-08-12,2010-02-10,2010-02-11,2010-08-11,0.736263871217918,-0.1830679056495148,0,0.11888888888888888,-0.44555555555555554
^VIX,2009-08-12,2010-02-10,2010-02-11,2010-08-11,0.590221388637519,1.0961967315077181,1,0.6633333333333333,-0.7722222222222221
TSCO,2009-08-12,2010-02-10,2010-02-11,2010-08-11,0.2821766749431893,-0.35865696551735426,0,0.5544444444444444,-0.11888888888888888
LNW,2009-08-12,2010-02-10,2010-02-11,2010-08-11,0.7440116184788357,0.2098591122889351,0,0.44555555555555554,-0.11888888888888888
VALE,2009-08-12,2010-02-10,2010-02-11,2010-08-11,0.48700255605224907,0.0641966689769374,0,0.11888888888888888,-0.11888888888888888
NFLX,2009-08-12,2010-02-10,2010-02-11,2010-08-11,0.49331133868504456,-0.15625320432253278,0,0.7722222222222221,-0.33666666666666667
BA,2010-02-11,2010-08-11,2010-08-12,2011-02-09,0.22312018241892356,0.050633477461632596,0,0.5544444444444444,-0.44555555555555554
GGB,2010-02-11,2010-08-11,2010-08-12,2011-02-09,0.6141872420364426,0.004064639301924317,0,0.5544444444444444,-0.44555555555555554
KGC,2010-02-11,2010-08-11,2010-08-12,2011-02-09,0.2905969366503196,-0.39511635941850765,0,0.99,-0.33666666666666667
IAG,2010-02-11,2010-08-11,2010-08-12,2011-02-09,0.46334612892331917,-0.03318033335376548,0,0.11888888888888888,-0.5544444444444444
C,2010-02-11,2010-08-11,2010-08-12,2011-02-09,0.2728900739411294,0.09519146661294374,0,0.99,-0.33666666666666667
HAL,2010-02-11,2010-08-11,2010-08-12,2011-02-09,0.4878032064192595,-0.305764929888101,0,0.01,-0.7722222222222221
MNST,2010-02-11,2010-08-11,2010-08-12,2011-02-09,0.3975690426414032,-0.2224483266135042,0,0.5544444444444444,-0.6633333333333333
EXAS,2010-02-11,2010-08-11,2010-08-12,2011-02-09,0.6594431531198498,0.03293073574868833,0,0.22777777777777777,-0.44555555555555554
BP,2010-02-11,2010-08-11,2010-08-12,2011-02-09,0.5812273110289982,-0.03292305415023307,0,0.11888888888888888,-0.6633333333333333
^VIX,2010-02-11,2010-08-11,2010-08-12,2011-02-09,1.5884249501372079,-0.13313736863431094,0,0.22777777777777777,-0.01
NEM,2010-02-11,2010-08-11,2010-08-12,2011-02-09,0.1914115230585946,-0.01780649474542203,0,0.8811111111111111,-0.8811111111111111
CCJ,2010-02-11,2010-08-11,2010-08-12,2011-02-09,0.1706517092372214,-0.16555022933663327,0,0.99,-0.11888888888888888
IRM,2010-02-11,2010-08-11,2010-08-12,2011-02-09,0.3496422394331248,0.0030101630402160923,0,0.5544444444444444,-0.22777777777777777
VALE,2010-02-11,2010-08-11,2010-08-12,2011-02-09,0.5323334554646929,-0.18594734707680247,0,0.01,-0.6633333333333333
NVDA,2010-08-12,2011-02-09,2011-02-10,2011-08-10,0.36711989907300174,-0.24904739190950884,0,0.22777777777777777,-0.99
MRVL,2010-08-12,2011-02-09,2011-02-10,2011-08-10,0.39672051057247093,0.2604701509261546,0,0.01,-0.8811111111111111
PBR,2010-08-12,2011-02-09,2011-02-10,2011-08-10,0.2916019663545678,0.3317948369126427,1,0.5544444444444444,-0.33666666666666667
DVN,2010-08-12,2011-02-09,2011-02-10,2011-08-10,0.1421259965073826,-0.14154788215182426,0,0.11888888888888888,-0.8811111111111111
CCL,2010-08-12,2011-02-09,2011-02-10,2011-08-10,0.3200839807236562,-0.43672990660929956,0,0.01,-0.7722222222222221
NOK,2010-08-12,2011-02-09,2011-02-10,2011-08-10,0.2860078131192606,0.2891276155009572,1,0.5544444444444444,-0.99
EXAS,2010-08-12,2011-02-09,2011-02-10,2011-08-10,0.39355867478030543,0.7589523339305307,1,0.8811111111111111,-0.01
AMD,2010-08-12,2011-02-09,2011-02-10,2011-08-10,0.1275306473971559,0.23772806971045238,1,0.01,-0.99
TEVA,2010-08-12,2011-02-09,2011-02-10,2011-08-10,0.15737070009574622,-0.1273943458124996,0,0.44555555555555554,-0.44555555555555554
GOOG,2010-08-12,2011-02-09,2011-02-10,2011-08-10,0.2487630432527174,0.10784002136764091,0,0.11888888888888888,-0.7722222222222221
HPQ,2010-08-12,2011-02-09,2011-02-10,2011-08-10,0.2952230903557401,0.42665614055058854,1,0.6633333333333333,-0.7722222222222221
ON,2010-08-12,2011-02-09,2011-02-10,2011-08-10,0.27350545427784734,-0.20737334499244048,0,0.8811111111111111,-0.99
GOOGL,2010-08-12,2011-02-09,2011-02-10,2011-08-10,0.2487637092510855,0.10783953655217829,0,0.11888888888888888,-0.7722222222222221
LRCX,2010-08-12,2011-02-09,2011-02-10,2011-08-10,0.3367985143889021,0.040216467397219596,0,0.01,-0.99
CDE,2011-02-10,2011-08-10,2011-08-11,2012-02-09,0.5188142564479354,-0.07635816015204203,0,0.8811111111111111,-0.6633333333333333
GGB,2011-02-10,2011-08-10,2011-08-11,2012-02-09,0.5663088404843234,-0.43772850554424403,0,0.7722222222222221,-0.01
PLUG,2011-02-10,2011-08-10,2011-08-11,2012-02-09,1.1513468886956126,-0.09309716717870523,0,0.8811111111111111,-0.01
INTC,2011-02-10,2011-08-10,2011-08-11,2012-02-09,0.11031499045173919,-0.006028119361917616,0,0.99,-0.22777777777777777
FCX,2011-02-10,2011-08-10,2011-08-11,2012-02-09,0.15823534360815467,0.2899927213610527,1,0.8811111111111111,-0.99
SONY,2011-02-10,2011-08-10,2011-08-11,2012-02-09,0.40819505852706645,-0.2788793177155403,0,0.99,-0.22777777777777777
B,2011-02-10,2011-08-10,2011-08-11,2012-02-09,0.2739865874020405,0.007064999612596219,0,0.5544444444444444,-0.6633333333333333
BKR,2011-02-10,2011-08-10,2011-08-11,2012-02-09,0.18467440152118264,0.13599504497769355,0,0.99,-0.5544444444444444
^VIX,2011-02-10,2011-08-10,2011-08-11,2012-02-09,0.2422581706094315,-0.16041737400671435,0,0.99,-0.8811111111111111
APA,2011-02-10,2011-08-10,2011-08-11,2012-02-09,0.24633565578908825,0.0023025234101861514,0,0.99,-0.6633333333333333
SHEL,2011-02-10,2011-08-10,2011-08-11,2012-02-09,0.3270165742637857,-0.11051989813091867,0,0.01,-0.22777777777777777
CCJ,2011-02-10,2011-08-10,2011-08-11,2012-02-09,0.4253758506068659,0.12146836201798446,0,0.99,-0.44555555555555554
IRM,2011-02-10,2011-08-10,2011-08-11,2012-02-09,0.2541137194061559,-0.12401134109102877,0,0.5544444444444444,-0.5544444444444444
VALE,2011-02-10,2011-08-10,2011-08-11,2012-02-09,0.4304487921956179,-0.14679062535696363,0,0.7722222222222221,-0.8811111111111111
AMZN,2011-08-11,2012-02-09,2012-02-10,2012-08-09,0.4647961431552912,-0.194457598975014,0,0.99,-0.8811111111111111
MCHP,2011-08-11,2012-02-09,2012-02-10,2012-08-09,0.4133468839790641,0.1299819826248558,0,0.01,-0.99
BA,2011-08-11,2012-02-09,2012-02-10,2012-08-09,0.3595416159737354,0.008479691831111694,0,0.8811111111111111,-0.6633333333333333
EQT,2011-08-11,2012-02-09,2012-02-10,2012-08-09,0.5296385362289251,0.11153357104858289,0,0.44555555555555554,-0.01
CNC,2011-08-11,2012-02-09,2012-02-10,2012-08-09,0.3329641552943249,-0.11118863128769799,0,0.8811111111111111,-0.99
GGB,2011-08-11,2012-02-09,2012-02-10,2012-08-09,0.5041059953889497,-0.1890069076686957,0,0.11888888888888888,-0.99
FCX,2011-08-11,2012-02-09,2012-02-10,2012-08-09,0.5831067467107447,0.1765237901582502,0,0.44555555555555554,-0.6633333333333333
IAG,2011-08-11,2012-02-09,2012-02-10,2012-08-09,0.23368218374659996,-0.013747782442653875,0,0.99,-0.99
F,2011-08-11,2012-02-09,2012-02-10,2012-08-09,0.5746944950692261,-0.20993027434961054,0,0.11888888888888888,-0.44555555555555554
C,2011-08-11,2012-02-09,2012-02-10,2012-08-09,0.5587290660706482,0.20272424307167283,0,0.22777777777777777,-0.8811111111111111
HAL,2011-08-11,2012-02-09,2012-02-10,2012-08-09,0.4777237894386639,-0.042053671282969676,0,0.22777777777777777,-0.5544444444444444
AMD,2011-08-11,2012-02-09,2012-02-10,2012-08-09,0.7740364701109593,-0.5888547240527594,0,0.6633333333333333,-0.22777777777777777
CNQ,2011-08-11,2012-02-09,2012-02-10,2012-08-09,0.3163193773963448,-0.4651039425766527,0,0.8811111111111111,-0.99
BB,2011-08-11,2012-02-09,2012-02-10,2012-08-09,0.8028875005078214,-0.5309134694130005,0,0.44555555555555554,-0.44555555555555554
FHN,2012-02-10,2012-08-09,2012-08-10,2013-02-12,0.2212277715192646,0.015627229945581883,0,0.99,-0.99
OXY,2012-02-10,2012-08-09,2012-08-10,2013-02-12,0.1241552263698913,-0.024415695902193793,0,0.99,-0.8811111111111111
GGB,2012-02-10,2012-08-09,2012-08-10,2013-02-12,0.2508011826291596,-0.2307890433348533,0,0.01,-0.99
KGC,2012-02-10,2012-08-09,2012-08-10,2013-02-12,0.2726697436270184,-0.00016142908414626509,0,0.6633333333333333,-0.22777777777777777
FCX,2012-02-10,2012-08-09,2012-08-10,2013-02-12,0.39770344856192397,0.011260694770926224,0,0.22777777777777777,-0.11888888888888888
MU,2012-02-10,2012-08-09,2012-08-10,2013-02-12,0.4909171590306302,0.23632596047350563,0,0.44555555555555554,-0.22777777777777777
DVN,2012-02-10,2012-08-09,2012-08-10,2013-02-12,0.34228356028323703,-0.07016093229696159,0,0.5544444444444444,-0.7722222222222221
EXAS,2012-02-10,2012-08-09,2012-08-10,2013-02-12,0.329458105973661,-0.018729165223504186,0,0.01,-0.99
BKR,2012-02-10,2012-08-09,2012-08-10,2013-02-12,0.2897164988725666,-0.13424158875956368,0,0.99,-0.6633333333333333
CPRT,2012-02-10,2012-08-09,2012-08-10,2013-02-12,0.41904704887852073,0.16420609195441027,0,0.01,-0.01
ITUB,2012-02-10,2012-08-09,2012-08-10,2013-02-12,0.3416217888941108,0.14842113951380048,0,0.33666666666666667,-0.01
LNW,2012-02-10,2012-08-09,2012-08-10,2013-02-12,0.1663394579442029,-0.1275335559146836,0,0.99,-0.99
HPQ,2012-02-10,2012-08-09,2012-08-10,2013-02-12,0.37203671336263466,-0.11384687576168374,0,0.01,-0.01
ON,2012-02-10,2012-08-09,2012-08-10,2013-02-12,0.3733276126651002,-0.34126875281898045,0,0.99,-0.6633333333333333
CDE,2012-08-10,2013-02-12,2013-02-13,2013-08-13,0.3102469948425199,-0.4059941975875485,0,0.01,-0.99
KGC,2012-08-10,2013-02-12,2013-02-13,2013-08-13,0.37951410480946557,0.16701342064511698,0,0.01,-0.44555555555555554
PLUG,2012-08-10,2013-02-12,2013-02-13,2013-08-13,1.3459064079224021,-0.12550280451869467,0,0.11888888888888888,-0.01
IAG,2012-08-10,2013-02-12,2013-02-13,2013-08-13,0.5796083252679267,-0.8346562797980782,0,0.7722222222222221,-0.6633333333333333
F,2012-08-10,2013-02-12,2013-02-13,2013-08-13,0.34400471415117595,0.2681300468502296,0,0.01,-0.99
MRVL,2012-08-10,2013-02-12,2013-02-13,2013-08-13,0.4745755699525232,0.3367746748477737,0,0.01,-0.7722222222222221
NOK,2012-08-10,2013-02-12,2013-02-13,2013-08-13,0.40680392455624925,0.30188922720172917,0,0.33666666666666667,-0.99
LYG,2012-08-10,2013-02-12,2013-02-13,2013-08-13,0.4461216573878869,-0.3824717844523715,0,0.11888888888888888,-0.99
NEM,2012-08-10,2013-02-12,2013-02-13,2013-08-13,0.1927307344742573,0.11268925223288079,0,0.99,-0.99
CLF,2012-08-10,2013-02-12,2013-02-13,2013-08-13,0.559459615139435,0.0890205634619775,0,0.8811111111111111,-0.22777777777777777
BSX,2012-08-10,2013-02-12,2013-02-13,2013-08-13,0.33931373099606765,0.42219272904945926,1,0.01,-0.99
BB,2012-08-10,2013-02-12,2013-02-13,2013-08-13,1.0653226996682437,0.11336622149713493,0,0.7722222222222221,-0.7722222222222221
KR,2012-08-10,2013-02-12,2013-02-13,2013-08-13,0.2316903233532645,0.30798195762273317,1,0.5544444444444444,-0.8811111111111111
NFLX,2012-08-10,2013-02-12,2013-02-13,2013-08-13,0.8372211535806685,-0.38506388547563253,0,0.01,-0.99
PTEN,2013-02-13,2013-08-13,2013-08-14,2014-02-12,0.5299647733375865,0.14267728365898794,0,0.7722222222222221,-0.33666666666666667
CNC,2013-02-13,2013-08-13,2013-08-14,2014-02-12,0.30002318391203914,-0.05995743727927022,0,0.01,-0.22777777777777777
KGC,2013-02-13,2013-08-13,2013-08-14,2014-02-12,0.18913433014302095,-0.11755638399818713,0,0.8811111111111111,-0.22777777777777777
PLUG,2013-02-13,2013-08-13,2013-08-14,2014-02-12,2.5289838025946927,2.4567014570731653,0,0.22777777777777777,-0.8811111111111111
AAPL,2013-02-13,2013-08-13,2013-08-14,2014-02-12,0.29383355085135576,-0.10156230492988524,0,0.01,-0.01
IAG,2013-02-13,2013-08-13,2013-08-14,2014-02-12,0.37003691697837415,-0.481883128686923,0,0.99,-0.6633333333333333
PBR,2013-02-13,2013-08-13,2013-08-14,2014-02-12,0.21088266818159732,0.3077595601872857,1,0.8811111111111111,-0.99
RIG,2013-02-13,2013-08-13,2013-08-14,2014-02-12,0.31606469264609266,-0.00969791575461706,0,0.7722222222222221,-0.22777777777777777
BKR,2013-02-13,2013-08-13,2013-08-14,2014-02-12,0.20863675139014787,-0.07856937087338453,0,0.01,-0.01
LYG,2013-02-13,2013-08-13,2013-08-14,2014-02-12,0.22900011223309955,0.21070744907445868,0,0.01,-0.99
NEM,2013-02-13,2013-08-13,2013-08-14,2014-02-12,0.33803271576751104,0.40975314125245654,1,0.99,-0.6633333333333333
CLF,2013-02-13,2013-08-13,2013-08-14,2014-02-12,0.785334483412806,-0.664818710856724,0,0.01,-0.44555555555555554
HPQ,2013-02-13,2013-08-13,2013-08-14,2014-02-12,0.45029177348170135,-0.315344115377601,0,0.6633333333333333,-0.8811111111111111
NFLX,2013-02-13,2013-08-13,2013-08-14,2014-02-12,0.5787737647189418,0.5439563344474079,0,0.6633333333333333,-0.8811111111111111
BA,2013-08-14,2014-02-12,2014-02-13,2014-08-13,0.25346321822972917,-0.05015815101695611,0,0.01,-0.8811111111111111
MSFT,2013-08-14,2014-02-12,2014-02-13,2014-08-13,0.2898032310231438,-0.06949088729983798,0,0.8811111111111111,-0.8811111111111111
PLUG,2013-08-14,2014-02-12,2014-02-13,2014-08-13,0.9923328131522784,0.8148904694027252,0,0.01,-0.99
MRVL,2013-08-14,2014-02-12,2014-02-13,2014-08-13,0.7243100377749926,-0.14053654317646588,0,0.01,-0.11888888888888888
PBR,2013-08-14,2014-02-12,2014-02-13,2014-08-13,0.2974565272607323,0.41542399311400435,1,0.99,-0.01
MU,2013-08-14,2014-02-12,2014-02-13,2014-08-13,0.32470421910737873,0.3280402516704506,1,0.01,-0.99
EXAS,2013-08-14,2014-02-12,2014-02-13,2014-08-13,0.4933894560576169,0.08366134544707628,0,0.7722222222222221,-0.7722222222222221
AMD,2013-08-14,2014-02-12,2014-02-13,2014-08-13,0.6876597558038997,-0.29106102182832677,0,0.5544444444444444,-0.01
^VIX,2013-08-14,2014-02-12,2014-02-13,2014-08-13,0.43924721437590836,-0.1703099720667366,0,0.99,-0.99
CLF,2013-08-14,2014-02-12,2014-02-13,2014-08-13,0.7748095109226281,0.08444804802568569,0,0.01,-0.01
BB,2013-08-14,2014-02-12,2014-02-13,2014-08-13,0.19659002336267972,0.7065016518863074,1,0.99,-0.22777777777777777
LNW,2013-08-14,2014-02-12,2014-02-13,2014-08-13,0.5046671956144559,-0.6634343987993528,0,0.5544444444444444,-0.01
ON,2013-08-14,2014-02-12,2014-02-13,2014-08-13,0.43581813905291866,0.1261056601839097,0,0.11888888888888888,-0.6633333333333333
LRCX,2013-08-14,2014-02-12,2014-02-13,2014-08-13,0.13290973793833172,0.3555792985295381,1,0.22777777777777777,-0.99
PTEN,2014-02-13,2014-08-13,2014-08-14,2015-02-12,0.1350756920136848,-0.14387244973822513,0,0.99,-0.99
UMC,2014-02-13,2014-08-13,2014-08-14,2015-02-12,0.43614123324114223,0.001346477685479291,0,0.01,-0.01
BAC,2014-02-13,2014-08-13,2014-08-14,2015-02-12,0.13955524523208346,0.12460509438391375,0,0.01,-0.22777777777777777
PBR,2014-02-13,2014-08-13,2014-08-14,2015-02-12,0.10787433383069561,0.06912489102012975,0,0.33666666666666667,-0.99
MS,2014-02-13,2014-08-13,2014-08-14,2015-02-12,0.1934500247573704,0.09535192712904259,0,0.33666666666666667,-0.22777777777777777
LOW,2014-02-13,2014-08-13,2014-08-14,2015-02-12,0.13228907263524017,0.3778164443940565,1,0.01,-0.99
LEN,2014-02-13,2014-08-13,2014-08-14,2015-02-12,0.26767254864009093,-0.3071625812054301,0,0.8811111111111111,-0.22777777777777777
TSCO,2014-02-13,2014-08-13,2014-08-14,2015-02-12,0.1196257479359242,-0.018567682248892485,0,0.7722222222222221,-0.99
BBD,2014-02-13,2014-08-13,2014-08-14,2015-02-12,0.38429762246886473,0.19961117309780543,0,0.01,-0.99
WIT,2014-02-13,2014-08-13,2014-08-14,2015-02-12,0.3826323089958733,-0.30187303233963586,0,0.01,-0.01
BB,2014-02-13,2014-08-13,2014-08-14,2015-02-12,0.22545595062988058,-0.046890945209122084,0,0.8811111111111111,-0.8811111111111111
LNW,2014-02-13,2014-08-13,2014-08-14,2015-02-12,0.6406752202224235,0.2896190377106708,0,0.7722222222222221,-0.22777777777777777
CCJ,2014-02-13,2014-08-13,2014-08-14,2015-02-12,0.16681456483678248,-0.2539571080396117,0,0.99,-0.7722222222222221
GOOG,2014-02-13,2014-08-13,2014-08-14,2015-02-12,0.1122398414772401,0.218657335077578,1,0.6633333333333333,-0.99
PTEN,2014-08-14,2015-02-12,2015-02-13,2015-08-13,0.6718324362150699,-0.07157049717994468,0,0.6633333333333333,-0.8811111111111111
GGB,2014-08-14,2015-02-12,2015-02-13,2015-08-13,0.6023780244114726,-0.7251582755196236,0,0.6633333333333333,-0.33666666666666667
F,2014-08-14,2015-02-12,2015-02-13,2015-08-13,0.1317487535041425,-0.10059937451317243,0,0.99,-0.99
PBR,2014-08-14,2015-02-12,2015-02-13,2015-08-13,1.1338054707173788,-0.2858420915449228,0,0.7722222222222221,-0.11888888888888888
MU,2014-08-14,2015-02-12,2015-02-13,2015-08-13,0.49129782810071826,0.5243494391379294,1,0.33666666666666667,-0.7722222222222221
RIG,2014-08-14,2015-02-12,2015-02-13,2015-08-13,0.5656390563641435,-0.3928622823261784,0,0.7722222222222221,-0.33666666666666667
HAL,2014-08-14,2015-02-12,2015-02-13,2015-08-13,0.328460202790319,0.012061762742234354,0,0.99,-0.01
CSX,2014-08-14,2015-02-12,2015-02-13,2015-08-13,0.1714735305612398,-0.01887235406551409,0,0.11888888888888888,-0.99
AMD,2014-08-14,2015-02-12,2015-02-13,2015-08-13,0.4133047858800884,0.3943728016971357,0,0.33666666666666667,-0.01
APA,2014-08-14,2015-02-12,2015-02-13,2015-08-13,0.3749278698086542,-0.1846018170235104,0,0.99,-0.01
LNW,2014-08-14,2015-02-12,2015-02-13,2015-08-13,0.5704653426529491,-0.5113898389634203,0,0.99,-0.5544444444444444
CVX,2014-08-14,2015-02-12,2015-02-13,2015-08-13,0.2336511994497909,0.24607396033171683,1,0.99,-0.11888888888888888
GOOG,2014-08-14,2015-02-12,2015-02-13,2015-08-13,0.18192230094549536,-0.3205513945748932,0,0.8811111111111111,-0.5544444444444444
NFLX,2014-08-14,2015-02-12,2015-02-13,2015-08-13,0.3160617566144124,-0.4740992293880597,0,0.33666666666666667,-0.8811111111111111
PBR-A,2015-02-13,2015-08-13,2015-08-14,2016-02-12,0.33319462978705333,-0.03262984535288312,0,0.99,-0.01
FCX,2015-02-13,2015-08-13,2015-08-14,2016-02-12,0.3125445691682086,0.3899877177884481,1,0.99,-0.01
IAG,2015-02-13,2015-08-13,2015-08-14,2016-02-12,0.6937457128240083,-0.17286186856124475,0,0.33666666666666667,-0.8811111111111111
PBR,2015-02-13,2015-08-13,2015-08-14,2016-02-12,0.2480396261367491,0.7222146491304409,1,0.99,-0.33666666666666667
RIG,2015-02-13,2015-08-13,2015-08-14,2016-02-12,0.33489774577297465,-0.3871731909233935,0,0.8811111111111111,-0.01
NOK,2015-02-13,2015-08-13,2015-08-14,2016-02-12,0.3225980340837745,0.2057086834205117,0,0.8811111111111111,-0.11888888888888888
HL,2015-02-13,2015-08-13,2015-08-14,2016-02-12,0.12888818418468323,0.08996238456563058,0,0.99,-0.99
BAX,2015-02-13,2015-08-13,2015-08-14,2016-02-12,0.2945647483369084,-0.3203046628133004,0,0.22777777777777777,-0.01
AMD,2015-02-13,2015-08-13,2015-08-14,2016-02-12,0.7008547779844592,-0.00682189583424872,0,0.99,-0.33666666666666667
ITUB,2015-02-13,2015-08-13,2015-08-14,2016-02-12,0.42187103929266667,0.3183796326736131,0,0.8811111111111111,-0.44555555555555554
CLF,2015-02-13,2015-08-13,2015-08-14,2016-02-12,0.41743144209339234,-0.2623556821988108,0,0.99,-0.8811111111111111
GOOG,2015-02-13,2015-08-13,2015-08-14,2016-02-12,0.3093751411088338,0.2667265988012054,0,0.01,-0.22777777777777777
GOOGL,2015-02-13,2015-08-13,2015-08-14,2016-02-12,0.2865252888866709,0.05189059645525221,0,0.99,-0.5544444444444444
VALE,2015-02-13,2015-08-13,2015-08-14,2016-02-12,0.2966646127434547,0.6584687073123651,1,0.8811111111111111,-0.33666666666666667
PTEN,2015-08-14,2016-02-12,2016-02-16,2016-08-12,0.6935099391100151,0.358020739474937,0,0.22777777777777777,-0.01
PBR-A,2015-08-14,2016-02-12,2016-02-16,2016-08-12,1.347196468959001,-0.5442659687656609,0,0.01,-0.01
GGB,2015-08-14,2016-02-12,2016-02-16,2016-08-12,0.5828093205194632,0.7658385875614477,1,0.33666666666666667,-0.6633333333333333
PLUG,2015-08-14,2016-02-12,2016-02-16,2016-08-12,1.5381702043733239,-0.023376543244633972,0,0.11888888888888888,-0.01
PBR,2015-08-14,2016-02-12,2016-02-16,2016-08-12,1.0677829621162536,-0.7437771808410756,0,0.44555555555555554,-0.11888888888888888
MU,2015-08-14,2016-02-12,2016-02-16,2016-08-12,0.45982450940065395,-0.09723962401170841,0,0.99,-0.6633333333333333
DVN,2015-08-14,2016-02-12,2016-02-16,2016-08-12,0.7156350524255362,-1.119439408904883,0,0.7722222222222221,-0.6633333333333333
MS,2015-08-14,2016-02-12,2016-02-16,2016-08-12,0.26741348697595874,-0.20389650559115927,0,0.99,-0.99
HAL,2015-08-14,2016-02-12,2016-02-16,2016-08-12,0.5804963135395165,0.3261266463993613,0,0.01,-0.33666666666666667
ITUB,2015-08-14,2016-02-12,2016-02-16,2016-08-12,0.32519011290514666,0.11317606005423392,0,0.8811111111111111,-0.22777777777777777
^VIX,2015-08-14,2016-02-12,2016-02-16,2016-08-12,1.0116250916833818,-0.5881051528089128,0,0.01,-0.6633333333333333
CNQ,2015-08-14,2016-02-12,2016-02-16,2016-08-12,0.6404406871015901,0.004607464347574643,0,0.8811111111111111,-0.22777777777777777
CLF,2015-08-14,2016-02-12,2016-02-16,2016-08-12,0.870379134886835,0.718619685648022,0,0.44555555555555554,-0.6633333333333333
VALE,2015-08-14,2016-02-12,2016-02-16,2016-08-12,0.81495827197038,0.06829288753288336,0,0.8811111111111111,-0.99
BA,2016-02-16,2016-08-12,2016-08-15,2017-02-13,0.2370743898081561,0.07928349498339898,0,0.01,-0.8811111111111111
CNC,2016-02-16,2016-08-12,2016-08-15,2017-02-13,0.3335977558190445,-0.04187941858518372,0,0.11888888888888888,-0.99
GGB,2016-02-16,2016-08-12,2016-08-15,2017-02-13,0.7382019006547526,-0.6487779466147755,0,0.11888888888888888,-0.99
EQNR,2016-02-16,2016-08-12,2016-08-15,2017-02-13,0.40588024231955067,0.1575188836017587,0,0.44555555555555554,-0.99
AAPL,2016-02-16,2016-08-12,2016-08-15,2017-02-13,0.20947444969162501,-0.10753179491896912,0,0.01,-0.8811111111111111
AMAT,2016-02-16,2016-08-12,2016-08-15,2017-02-13,0.5756670195254151,-0.232683684235803,0,0.11888888888888888,-0.99
PBR,2016-02-16,2016-08-12,2016-08-15,2017-02-13,0.6280618333789904,0.20354360791850504,0,0.44555555555555554,-0.99
MS,2016-02-16,2016-08-12,2016-08-15,2017-02-13,0.2697784698080067,-0.33259087609120924,0,0.11888888888888888,-0.8811111111111111
EXAS,2016-02-16,2016-08-12,2016-08-15,2017-02-13,1.4140382485289953,-0.032373574570502994,0,0.01,-0.99
ABT,2016-02-16,2016-08-12,2016-08-15,2017-02-13,0.23458878952661757,-0.09726329969725202,0,0.22777777777777777,-0.99
LYG,2016-02-16,2016-08-12,2016-08-15,2017-02-13,0.2993574687321316,0.41387647488105783,1,0.7722222222222221,-0.99
CLF,2016-02-16,2016-08-12,2016-08-15,2017-02-13,1.147409089558767,-0.4827288565271201,0,0.6633333333333333,-0.8811111111111111
LNW,2016-02-16,2016-08-12,2016-08-15,2017-02-13,0.6150014683413434,-0.21730140047471042,0,0.7722222222222221,-0.8811111111111111
VALE,2016-02-16,2016-08-12,2016-08-15,2017-02-13,0.724959679648757,0.5101082189976542,0,0.99,-0.8811111111111111
CDE,2016-08-15,2017-02-13,2017-02-14,2017-08-14,0.48142039869882614,0.1660627403373342,0,0.8811111111111111,-0.22777777777777777
ASX,2016-08-15,2017-02-13,2017-02-14,2017-08-14,0.18837086177289403,0.0494552971057219,0,0.22777777777777777,-0.99
AES,2016-08-15,2017-02-13,2017-02-14,2017-08-14,0.3023273512751436,-0.14359757298422357,0,0.8811111111111111,-0.99
KGC,2016-08-15,2017-02-13,2017-02-14,2017-08-14,0.6059780294506334,0.17278235968352867,0,0.8811111111111111,-0.6633333333333333
PLUG,2016-08-15,2017-02-13,2017-02-14,2017-08-14,0.3796945517193747,0.6343264551540707,1,0.44555555555555554,-0.7722222222222221
PBR,2016-08-15,2017-02-13,2017-02-14,2017-08-14,0.21802139011388869,0.0443284658305111,0,0.7722222222222221,-0.99
WDC,2016-08-15,2017-02-13,2017-02-14,2017-08-14,0.2963595568877075,0.143698385073771,0,0.22777777777777777,-0.7722222222222221
HL,2016-08-15,2017-02-13,2017-02-14,2017-08-14,0.236681195811301,0.23360686117248283,0,0.6633333333333333,-0.99
^VIX,2016-08-15,2017-02-13,2017-02-14,2017-08-14,0.5331418183668152,0.8281089443940796,1,0.7722222222222221,-0.99
LYG,2016-08-15,2017-02-13,2017-02-14,2017-08-14,0.237253561219666,0.0079523681734661,0,0.7722222222222221,-0.99
NEM,2016-08-15,2017-02-13,2017-02-14,2017-08-14,0.2798912141785825,0.1424236875201633,0,0.99,-0.8811111111111111
CLF,2016-08-15,2017-02-13,2017-02-14,2017-08-14,0.5418513223233496,0.19398721339883665,0,0.22777777777777777,-0.44555555555555554
IRM,2016-08-15,2017-02-13,2017-02-14,2017-08-14,0.2824123946099723,-0.2163340046079312,0,0.01,-0.7722222222222221
ON,2016-08-15,2017-02-13,2017-02-14,2017-08-14,0.5708916008095457,0.03980754248517228,0,0.11888888888888888,-0.01
KEY,2017-02-14,2017-08-14,2017-08-15,2018-02-13,0.10108505941422,-0.12106243351605218,0,0.99,-0.99
FCX,2017-02-14,2017-08-14,2017-08-15,2018-02-13,0.12486626493168146,-0.2775156208414516,0,0.01,-0.7722222222222221
BAC,2017-02-14,2017-08-14,2017-08-15,2018-02-13,0.15126951341499548,-0.10045910729920396,0,0.7722222222222221,-0.99
MU,2017-02-14,2017-08-14,2017-08-15,2018-02-13,0.10855150263711572,-0.40245157945645477,0,0.99,-0.99
WMT,2017-02-14,2017-08-14,2017-08-15,2018-02-13,0.20797106704201462,0.2656885128898484,1,0.01,-0.44555555555555554
CSCO,2017-02-14,2017-08-14,2017-08-15,2018-02-13,0.10353114714691748,0.17340049797323803,1,0.8811111111111111,-0.99
BKR,2017-02-14,2017-08-14,2017-08-15,2018-02-13,0.27132522449025237,0.44474957801931025,1,0.99,-0.11888888888888888
JHX,2017-02-14,2017-08-14,2017-08-15,2018-02-13,0.215599628378479,-0.1611330345596852,0,0.33666666666666667,-0.01
^VIX,2017-02-14,2017-08-14,2017-08-15,2018-02-13,0.5581605818687233,1.7554961248254286,1,0.33666666666666667,-0.99
TEVA,2017-02-14,2017-08-14,2017-08-15,2018-02-13,0.6898144116259378,-0.24897498087082134,0,0.99,-0.7722222222222221
TSCO,2017-02-14,2017-08-14,2017-08-15,2018-02-13,0.28186550866121923,-0.0014500279503926218,0,0.99,-0.8811111111111111
WIT,2017-02-14,2017-08-14,2017-08-15,2018-02-13,0.18491465488331668,0.05657359926203917,0,0.22777777777777777,-0.8811111111111111
CCJ,2017-02-14,2017-08-14,2017-08-15,2018-02-13,0.16423823055825718,0.019112611648159722,0,0.7722222222222221,-0.7722222222222221
TGT,2017-02-14,2017-08-14,2017-08-15,2018-02-13,0.3086179166728264,0.0924284402382872,0,0.01,-0.7722222222222221
CDE,2017-08-15,2018-02-13,2018-02-14,2018-08-14,0.2371146927784033,0.055345050769777214,0,0.99,-0.8811111111111111
KGC,2017-08-15,2018-02-13,2018-02-14,2018-08-14,0.1767816187727858,-0.0880829917775928,0,0.99,-0.99
DVN,2017-08-15,2018-02-13,2018-02-14,2018-08-14,0.49985342698519475,0.0310051128711493,0,0.01,-0.01
HAL,2017-08-15,2018-02-13,2018-02-14,2018-08-14,0.4583716626514487,-0.08396870484201933,0,0.22777777777777777,-0.6633333333333333
SLB,2017-08-15,2018-02-13,2018-02-14,2018-08-14,0.530493711042017,0.007985549668941584,0,0.5544444444444444,-0.11888888888888888
BKR,2017-08-15,2018-02-13,2018-02-14,2018-08-14,0.4222186034594967,-0.3545518595287631,0,0.99,-0.6633333333333333
JHX,2017-08-15,2018-02-13,2018-02-14,2018-08-14,0.19827943332609538,0.01035171758645411,0,0.5544444444444444,-0.99
APA,2017-08-15,2018-02-13,2018-02-14,2018-08-14,0.40065993836890534,-0.16990017894574846,0,0.11888888888888888,-0.11888888888888888
CNQ,2017-08-15,2018-02-13,2018-02-14,2018-08-14,0.32610696186332305,0.18412445564156057,0,0.6633333333333333,-0.01
TSCO,2017-08-15,2018-02-13,2018-02-14,2018-08-14,0.3902400194200273,-0.17745527361321212,0,0.22777777777777777,-0.7722222222222221
BBWI,2017-08-15,2018-02-13,2018-02-14,2018-08-14,0.5653912434327135,0.11589091984402448,0,0.01,-0.8811111111111111
CCJ,2017-08-15,2018-02-13,2018-02-14,2018-08-14,0.4661406653922531,-0.1535765631305365,0,0.22777777777777777,-0.11888888888888888
ON,2017-08-15,2018-02-13,2018-02-14,2018-08-14,0.3004465406906635,-0.29501605067559417,0,0.01,-0.99
NFLX,2017-08-15,2018-02-13,2018-02-14,2018-08-14,0.3710401745040805,-0.17690659036437378,0,0.11888888888888888,-0.99
CDE,2018-02-14,2018-08-14,2018-08-15,2019-02-14,0.5819909045541583,0.14261921543961179,0,0.5544444444444444,-0.11888888888888888
ERIC,2018-02-14,2018-08-14,2018-08-15,2019-02-14,0.22933759888429808,-0.0733044049572237,0,0.8811111111111111,-0.8811111111111111
MCHP,2018-02-14,2018-08-14,2018-08-15,2019-02-14,0.1424221382393195,-0.3288083917997293,0,0.8811111111111111,-0.5544444444444444
PBR-A,2018-02-14,2018-08-14,2018-08-15,2019-02-14,0.4293165398681891,-0.4418639029895631,0,0.5544444444444444,-0.01
AAPL,2018-02-14,2018-08-14,2018-08-15,2019-02-14,0.24601193850653363,-0.08834107988817952,0,0.44555555555555554,-0.8811111111111111
PBR,2018-02-14,2018-08-14,2018-08-15,2019-02-14,0.5642847360487804,-0.4855121699473465,0,0.44555555555555554,-0.44555555555555554
APH,2018-02-14,2018-08-14,2018-08-15,2019-02-14,0.21622142045847625,0.13547014438377916,0,0.11888888888888888,-0.8811111111111111
PFE,2018-02-14,2018-08-14,2018-08-15,2019-02-14,0.1560371282527137,-0.02514776333192567,0,0.01,-0.6633333333333333
EXAS,2018-02-14,2018-08-14,2018-08-15,2019-02-14,0.5631547326181198,0.5250333816052274,0,0.6633333333333333,-0.7722222222222221
CPRT,2018-02-14,2018-08-14,2018-08-15,2019-02-14,0.157134954616178,-0.1446201167046483,0,0.6633333333333333,-0.99
TEVA,2018-02-14,2018-08-14,2018-08-15,2019-02-14,0.26687212887036543,-0.1872936477230167,0,0.11888888888888888,-0.7722222222222221
ES,2018-02-14,2018-08-14,2018-08-15,2019-02-14,0.1877261938852098,0.13736190668382717,0,0.11888888888888888,-0.11888888888888888
TGT,2018-02-14,2018-08-14,2018-08-15,2019-02-14,0.13537587731321693,-0.13810412051556237,0,0.11888888888888888,-0.8811111111111111
LUMN,2018-02-14,2018-08-14,2018-08-15,2019-02-14,0.2555796939858131,0.4285578793055298,1,0.7722222222222221,-0.99
MU,2018-08-15,2019-02-14,2019-02-15,2019-08-15,0.5006025778644289,-0.48993571971496525,0,0.7722222222222221,-0.8811111111111111
PCG,2018-08-15,2019-02-14,2019-02-15,2019-08-15,1.9166592022807425,-0.13544870462568182,0,0.01,-0.01
HAL,2018-08-15,2019-02-14,2019-02-15,2019-08-15,0.47018255695453376,-0.29599055840745914,0,0.11888888888888888,-0.22777777777777777
RF,2018-08-15,2019-02-14,2019-02-15,2019-08-15,0.34874351408057186,0.15472783164974985,0,0.8811111111111111,-0.33666666666666667
IPG,2018-08-15,2019-02-14,2019-02-15,2019-08-15,0.3576767458546529,0.10594243094267895,0,0.22777777777777777,-0.5544444444444444
VLY,2018-08-15,2019-02-14,2019-02-15,2019-08-15,0.19573534728234987,0.0038195815403339224,0,0.11888888888888888,-0.7722222222222221
NGD,2018-08-15,2019-02-14,2019-02-15,2019-08-15,0.7427023874164548,-0.28157496484746136,0,0.7722222222222221,-0.8811111111111111
EXAS,2018-08-15,2019-02-14,2019-02-15,2019-08-15,0.8331366889374292,0.3341959254765634,0,0.33666666666666667,-0.6633333333333333
TEVA,2018-08-15,2019-02-14,2019-02-15,2019-08-15,0.9233123109827204,0.8617815074998655,0,0.11888888888888888,-0.11888888888888888
BBWI,2018-08-15,2019-02-14,2019-02-15,2019-08-15,0.6151356633640686,-0.11649014410471531,0,0.44555555555555554,-0.01
FAST,2018-08-15,2019-02-14,2019-02-15,2019-08-15,0.23227920836349011,-0.06992368498903365,0,0.01,-0.22777777777777777
CCJ,2018-08-15,2019-02-14,2019-02-15,2019-08-15,0.22236501216912508,-0.42686840400237785,0,0.8811111111111111,-0.7722222222222221
TJX,2018-08-15,2019-02-14,2019-02-15,2019-08-15,0.204055081010768,-0.02570140764789056,0,0.99,-0.8811111111111111
NFLX,2018-08-15,2019-02-14,2019-02-15,2019-08-15,0.2125081254752107,0.1825329172100417,0,0.8811111111111111,-0.7722222222222221
MSTR,2019-02-15,2019-08-15,2019-08-16,2020-02-14,0.3486145091394331,0.016097447952203917,0,0.6633333333333333,-0.7722222222222221
MRVL,2019-02-15,2019-08-15,2019-08-16,2020-02-14,0.20015006821363096,0.046874232960970916,0,0.6633333333333333,-0.99
QCOM,2019-02-15,2019-08-15,2019-08-16,2020-02-14,0.4458841302758268,-0.16031073989832972,0,0.01,-0.7722222222222221
PBR,2019-02-15,2019-08-15,2019-08-16,2020-02-14,0.3063694904441438,-0.35931460042408625,0,0.99,-0.8811111111111111
TSM,2019-02-15,2019-08-15,2019-08-16,2020-02-14,0.18683202342614058,0.0817667353183562,0,0.7722222222222221,-0.6633333333333333
CTRA,2019-02-15,2019-08-15,2019-08-16,2020-02-14,0.5046508956767806,0.07278361038985837,0,0.8811111111111111,-0.22777777777777777
PCG,2019-02-15,2019-08-15,2019-08-16,2020-02-14,1.5404799940795892,1.3755054313462183,0,0.7722222222222221,-0.44555555555555554
B,2019-02-15,2019-08-15,2019-08-16,2020-02-14,0.4560995449142876,-0.19322562380211367,0,0.11888888888888888,-0.11888888888888888
SLB,2019-02-15,2019-08-15,2019-08-16,2020-02-14,0.21686523372619515,0.18707805242870656,0,0.99,-0.5544444444444444
BKR,2019-02-15,2019-08-15,2019-08-16,2020-02-14,0.34801313810936046,0.029457256451920814,0,0.01,-0.7722222222222221
LYG,2019-02-15,2019-08-15,2019-08-16,2020-02-14,0.2347078281995709,0.14219041743729058,0,0.6633333333333333,-0.6633333333333333
NEM,2019-02-15,2019-08-15,2019-08-16,2020-02-14,0.3551423183064845,-0.06210482871423922,0,0.5544444444444444,-0.5544444444444444
LNW,2019-02-15,2019-08-15,2019-08-16,2020-02-14,0.25104275068354337,-0.02556505955636828,0,0.11888888888888888,-0.99
HPQ,2019-02-15,2019-08-15,2019-08-16,2020-02-14,0.34692325116665773,0.008254652219336038,0,0.11888888888888888,-0.5544444444444444
OXY,2019-08-16,2020-02-14,2020-02-18,2020-08-14,0.4932001518558955,0.7993748114166069,1,0.5544444444444444,-0.8811111111111111
BA,2019-08-16,2020-02-14,2020-02-18,2020-08-14,0.2228000869921476,-0.5028604964987161,0,0.8811111111111111,-0.99
PLUG,2019-08-16,2020-02-14,2020-02-18,2020-08-14,1.0984826276433193,-2.126863097759578,0,0.01,-0.6633333333333333
QCOM,2019-08-16,2020-02-14,2020-02-18,2020-08-14,0.21359080306478934,0.4789587079966342,1,0.5544444444444444,-0.01
DVN,2019-08-16,2020-02-14,2020-02-18,2020-08-14,0.406609828153397,0.2964649424951527,0,0.6633333333333333,-0.5544444444444444
PCG,2019-08-16,2020-02-14,2020-02-18,2020-08-14,1.0074074634869545,-0.23861747415162024,0,0.7722222222222221,-0.8811111111111111
RIG,2019-08-16,2020-02-14,2020-02-18,2020-08-14,1.0938713736775252,0.08804986775259001,0,0.44555555555555554,-0.01
CCL,2019-08-16,2020-02-14,2020-02-18,2020-08-14,0.34176100761293055,1.9368476118106612,1,0.6633333333333333,-0.99
NGD,2019-08-16,2020-02-14,2020-02-18,2020-08-14,0.4339428392020104,0.24601743778748372,0,0.7722222222222221,-0.33666666666666667
^VIX,2019-08-16,2020-02-14,2020-02-18,2020-08-14,0.7238666369675121,1.0795888689905517,1,0.99,-0.44555555555555554
LNW,2019-08-16,2020-02-14,2020-02-18,2020-08-14,0.5379587437054955,-0.27740859825900727,0,0.01,-0.8811111111111111
FAST,2019-08-16,2020-02-14,2020-02-18,2020-08-14,0.3415425539467885,0.4734857684631613,1,0.8811111111111111,-0.99
ON,2019-08-16,2020-02-14,2020-02-18,2020-08-14,0.5487107123949182,1.0937753371274288,1,0.01,-0.33666666666666667
VALE,2019-08-16,2020-02-14,2020-02-18,2020-08-14,0.33643779938304025,0.6721410695820706,1,0.5544444444444444,-0.8811111111111111
PTEN,2020-02-18,2020-08-14,2020-08-17,2021-02-16,1.1770446755739588,0.8791971311933597,0,0.6633333333333333,-0.01
CAG,2020-02-18,2020-08-14,2020-08-17,2021-02-16,0.4902223103121806,-0.10221889910425698,0,0.22777777777777777,-0.5544444444444444
EQT,2020-02-18,2020-08-14,2020-08-17,2021-02-16,1.9429456774330125,-0.19679963122079255,0,0.33666666666666667,-0.22777777777777777
IAG,2020-02-18,2020-08-14,2020-08-17,2021-02-16,0.7801760062951532,0.035672436086438976,0,0.01,-0.8811111111111111
HBAN,2020-02-18,2020-08-14,2020-08-17,2021-02-16,0.22331669307499846,-0.5035159846702658,0,0.99,-0.99
F,2020-02-18,2020-08-14,2020-08-17,2021-02-16,0.9106142950953912,0.5611280230916561,0,0.99,-0.11888888888888888
DVN,2020-02-18,2020-08-14,2020-08-17,2021-02-16,0.9805418273671151,-0.7890068314879028,0,0.44555555555555554,-0.01
RIG,2020-02-18,2020-08-14,2020-08-17,2021-02-16,1.3996083459217439,-0.5022584361102378,0,0.33666666666666667,-0.01
HAL,2020-02-18,2020-08-14,2020-08-17,2021-02-16,1.1658694995743677,-0.5501939239119038,0,0.5544444444444444,-0.8811111111111111
NGD,2020-02-18,2020-08-14,2020-08-17,2021-02-16,1.7701034108309417,0.4109853685191301,0,0.44555555555555554,-0.11888888888888888
APA,2020-02-18,2020-08-14,2020-08-17,2021-02-16,1.877815392373619,-0.3385576392819647,0,0.01,-0.01
LYG,2020-02-18,2020-08-14,2020-08-17,2021-02-16,0.5336134504804124,0.4407862494116913,0,0.8811111111111111,-0.5544444444444444
NEM,2020-02-18,2020-08-14,2020-08-17,2021-02-16,0.5980419503395902,-0.025787448246063813,0,0.7722222222222221,-0.7722222222222221
LNW,2020-02-18,2020-08-14,2020-08-17,2021-02-16,1.788603780196684,-0.7034017936741598,0,0.11888888888888888,-0.22777777777777777
FHN,2020-08-17,2021-02-16,2021-02-17,2021-08-16,0.3950592573959508,-0.27830703116950356,0,0.22777777777777777,-0.99
MSTR,2020-08-17,2021-02-16,2021-02-17,2021-08-16,1.1064155695849593,-0.9701652229671519,0,0.01,-0.99
MCHP,2020-08-17,2021-02-16,2021-02-17,2021-08-16,0.22932267723504374,-0.3024673746322704,0,0.01,-0.8811111111111111
FE,2020-08-17,2021-02-16,2021-02-17,2021-08-16,0.18869624436520727,-0.06176864858010126,0,0.8811111111111111,-0.99
CNC,2020-08-17,2021-02-16,2021-02-17,2021-08-16,0.3635982712624915,-0.013675996247799648,0,0.99,-0.6633333333333333
PLUG,2020-08-17,2021-02-16,2021-02-17,2021-08-16,1.4284785359712737,-1.3064187854615734,0,0.01,-0.5544444444444444
EQNR,2020-08-17,2021-02-16,2021-02-17,2021-08-16,0.1517851874148625,0.006630616826868321,0,0.8811111111111111,-0.99
UNH,2020-08-17,2021-02-16,2021-02-17,2021-08-16,0.2663598918320917,0.006335626682959158,0,0.7722222222222221,-0.44555555555555554
SLB,2020-08-17,2021-02-16,2021-02-17,2021-08-16,0.4670364407514066,-0.09112365203695078,0,0.5544444444444444,-0.99
BKR,2020-08-17,2021-02-16,2021-02-17,2021-08-16,0.43240026442927965,-0.11246272266694621,0,0.44555555555555554,-0.99
BP,2020-08-17,2021-02-16,2021-02-17,2021-08-16,0.4096575693104638,-0.1505534583196663,0,0.5544444444444444,-0.8811111111111111
SHEL,2020-08-17,2021-02-16,2021-02-17,2021-08-16,0.3799388645255749,0.017033378291577722,0,0.7722222222222221,-0.01
BSX,2020-08-17,2021-02-16,2021-02-17,2021-08-16,0.41577392202025426,0.17562033349970205,0,0.22777777777777777,-0.11888888888888888
LNW,2020-08-17,2021-02-16,2021-02-17,2021-08-16,0.3419835234250195,0.407967471659425,1,0.5544444444444444,-0.99
PTEN,2021-02-17,2021-08-16,2021-08-17,2022-02-14,0.1646957312281316,0.22822757712824784,1,0.99,-0.7722222222222221
NVO,2021-02-17,2021-08-16,2021-08-17,2022-02-14,0.1845696427731107,0.03882972064430313,0,0.01,-0.99
GGB,2021-02-17,2021-08-16,2021-08-17,2022-02-14,0.348476610320043,0.12394017336136072,0,0.11888888888888888,-0.99
KGC,2021-02-17,2021-08-16,2021-08-17,2022-02-14,0.21554522271114207,0.05670526705627182,0,0.8811111111111111,-0.7722222222222221
FCX,2021-02-17,2021-08-16,2021-08-17,2022-02-14,0.6454621749207947,-0.007218957405559178,0,0.01,-0.11888888888888888
MS,2021-02-17,2021-08-16,2021-08-17,2022-02-14,0.1705863585881192,-0.05709796033344411,0,0.8811111111111111,-0.99
PFE,2021-02-17,2021-08-16,2021-08-17,2022-02-14,0.1872356570280711,-0.318878676318702,0,0.01,-0.8811111111111111
HD,2021-02-17,2021-08-16,2021-08-17,2022-02-14,0.3149517049045018,0.09702161339466221,0,0.01,-0.6633333333333333
EXAS,2021-02-17,2021-08-16,2021-08-17,2022-02-14,0.5539994426488548,0.11145900279958697,0,0.01,-0.44555555555555554
ITUB,2021-02-17,2021-08-16,2021-08-17,2022-02-14,0.1186252089817195,0.5262906399243054,1,0.99,-0.99
CLF,2021-02-17,2021-08-16,2021-08-17,2022-02-14,0.8827278297449642,0.275724731300286,0,0.44555555555555554,-0.99
BBWI,2021-02-17,2021-08-16,2021-08-17,2022-02-14,0.41798871218705236,0.15510769533306715,0,0.01,-0.33666666666666667
KR,2021-02-17,2021-08-16,2021-08-17,2022-02-14,0.20229498160832923,-0.2547693974423077,0,0.99,-0.99
T,2021-02-17,2021-08-16,2021-08-17,2022-02-14,0.1770848987033429,-0.03953431136474743,0,0.8811111111111111,-0.99
CDE,2021-08-17,2022-02-14,2022-02-15,2022-08-16,0.6972962192600821,0.03742661682014519,0,0.44555555555555554,-0.7722222222222221
MSTR,2021-08-17,2022-02-14,2022-02-15,2022-08-16,0.5660994271720947,0.20284442656789936,0,0.99,-0.11888888888888888
GGB,2021-08-17,2022-02-14,2022-02-15,2022-08-16,0.48896842098421356,-0.21969936340465698,0,0.01,-0.22777777777777777
PLUG,2021-08-17,2022-02-14,2022-02-15,2022-08-16,0.6808577879026716,0.34740944985212996,0,0.6633333333333333,-0.11888888888888888
IAG,2021-08-17,2022-02-14,2022-02-15,2022-08-16,0.25921187898960224,0.07898879704367377,0,0.8811111111111111,-0.99
F,2021-08-17,2022-02-14,2022-02-15,2022-08-16,0.25126118269124414,0.16231334888801105,0,0.22777777777777777,-0.99
HL,2021-08-17,2022-02-14,2022-02-15,2022-08-16,0.39529111457834476,-0.6054322294097668,0,0.11888888888888888,-0.11888888888888888
CPRT,2021-08-17,2022-02-14,2022-02-15,2022-08-16,0.262328445773441,-0.029926069019153723,0,0.99,-0.5544444444444444
^VIX,2021-08-17,2022-02-14,2022-02-15,2022-08-16,0.7233519794533878,0.528466678618007,0,0.01,-0.7722222222222221
CNQ,2021-08-17,2022-02-14,2022-02-15,2022-08-16,0.5833983165024645,0.023698484982869934,0,0.11888888888888888,-0.7722222222222221
CLF,2021-08-17,2022-02-14,2022-02-15,2022-08-16,0.5109524298288868,-0.2764850787089351,0,0.5544444444444444,-0.44555555555555554
ON,2021-08-17,2022-02-14,2022-02-15,2022-08-16,0.3231037476451212,-0.6919228821050255,0,0.01,-0.99
VALE,2021-08-17,2022-02-14,2022-02-15,2022-08-16,0.3590247706667969,0.14012953056175037,0,0.22777777777777777,-0.6633333333333333
CRM,2021-08-17,2022-02-14,2022-02-15,2022-08-16,0.3253853022460283,0.039006810970684466,0,0.01,-0.22777777777777777
AES,2022-02-15,2022-08-16,2022-08-17,2023-02-15,0.4894720275880821,0.11348691546057374,0,0.33666666666666667,-0.6633333333333333
PBR-A,2022-02-15,2022-08-16,2022-08-17,2023-02-15,0.5121753546740171,-0.3947271474869003,0,0.44555555555555554,-0.99
GAP,2022-02-15,2022-08-16,2022-08-17,2023-02-15,0.771698749491059,0.4303350334489669,0,0.99,-0.01
PLUG,2022-02-15,2022-08-16,2022-08-17,2023-02-15,1.2124465326882956,0.33955906818697,0,0.01,-0.5544444444444444
CTRA,2022-02-15,2022-08-16,2022-08-17,2023-02-15,0.7587489488179519,0.2523245195621159,0,0.01,-0.44555555555555554
DVN,2022-02-15,2022-08-16,2022-08-17,2023-02-15,0.35412505287910023,-0.005967911728050002,0,0.01,-0.99
RIG,2022-02-15,2022-08-16,2022-08-17,2023-02-15,0.37787175942852247,-0.3166012383040746,0,0.99,-0.99
CCL,2022-02-15,2022-08-16,2022-08-17,2023-02-15,0.5864021396363945,0.5422122853132477,0,0.99,-0.01
HAL,2022-02-15,2022-08-16,2022-08-17,2023-02-15,0.38276291794882594,0.36433384441172134,0,0.99,-0.99
ITUB,2022-02-15,2022-08-16,2022-08-17,2023-02-15,0.5219110526398927,0.18598899303713562,0,0.6633333333333333,-0.01
BB,2022-02-15,2022-08-16,2022-08-17,2023-02-15,0.4995938221350779,0.4758076476796843,0,0.6633333333333333,-0.22777777777777777
IRM,2022-02-15,2022-08-16,2022-08-17,2023-02-15,0.6375966849318889,0.0011640601452764393,0,0.01,-0.33666666666666667
TGT,2022-02-15,2022-08-16,2022-08-17,2023-02-15,0.7569305257628749,0.1457122117635939,0,0.44555555555555554,-0.22777777777777777
VALE,2022-02-15,2022-08-16,2022-08-17,2023-02-15,0.707667284226375,-0.19507406347758785,0,0.5544444444444444,-0.22777777777777777
ORCL,2022-08-17,2023-02-15,2023-02-16,2023-08-17,0.48962748190593736,-0.2923447756315391,0,0.01,-0.8811111111111111
MSTR,2022-08-17,2023-02-15,2023-02-16,2023-08-17,2.3610948345991636,0.18315879759020842,0,0.44555555555555554,-0.01
GAP,2022-08-17,2023-02-15,2023-02-16,2023-08-17,0.30535585805851073,0.3813629563138632,1,0.8811111111111111,-0.99
PLUG,2022-08-17,2023-02-15,2023-02-16,2023-08-17,0.8975410885370347,0.17898724735887006,0,0.99,-0.44555555555555554
C,2022-08-17,2023-02-15,2023-02-16,2023-08-17,0.4856150260533871,-0.3295358256827989,0,0.11888888888888888,-0.6633333333333333
RIG,2022-08-17,2023-02-15,2023-02-16,2023-08-17,0.9674733414876092,0.5066360208875051,0,0.22777777777777777,-0.7722222222222221
CCL,2022-08-17,2023-02-15,2023-02-16,2023-08-17,0.8580415769316748,0.3025839310698031,0,0.44555555555555554,-0.8811111111111111
CSX,2022-08-17,2023-02-15,2023-02-16,2023-08-17,0.2862985203544348,-0.014225330191294017,0,0.99,-0.01
AMD,2022-08-17,2023-02-15,2023-02-16,2023-08-17,0.417353307612972,-0.16885202704532465,0,0.11888888888888888,-0.6633333333333333
BP,2022-08-17,2023-02-15,2023-02-16,2023-08-17,0.20825484811675865,-0.038264128156085854,0,0.22777777777777777,-0.99
TEVA,2022-08-17,2023-02-15,2023-02-16,2023-08-17,0.7197282565336538,-0.6062125210671255,0,0.01,-0.5544444444444444
CLF,2022-08-17,2023-02-15,2023-02-16,2023-08-17,0.5895338259154445,0.2161206091607536,0,0.6633333333333333,-0.11888888888888888
BB,2022-08-17,2023-02-15,2023-02-16,2023-08-17,0.6975454085291922,0.42298054243058136,0,0.8811111111111111,-0.44555555555555554
CRM,2022-08-17,2023-02-15,2023-02-16,2023-08-17,0.28613207037089944,-0.040288803057799805,0,0.01,-0.8811111111111111
CDE,2023-02-16,2023-08-17,2023-08-18,2024-02-16,0.3985020858869836,-0.20197622718030214,0,0.33666666666666667,-0.7722222222222221
ORCL,2023-02-16,2023-08-17,2023-08-18,2024-02-16,0.39823682946130085,0.16613665423096674,0,0.01,-0.33666666666666667
IAG,2023-02-16,2023-08-17,2023-08-18,2024-02-16,0.5342373445564378,0.23185724156321616,0,0.01,-0.6633333333333333
F,2023-02-16,2023-08-17,2023-08-18,2024-02-16,0.28055869419661117,0.24229009345376373,0,0.8811111111111111,-0.8811111111111111
PPL,2023-02-16,2023-08-17,2023-08-18,2024-02-16,0.17696738364803694,0.1588418764087785,0,0.8811111111111111,-0.44555555555555554
CCL,2023-02-16,2023-08-17,2023-08-18,2024-02-16,0.6789384769116698,0.4159093072580448,0,0.44555555555555554,-0.99
B,2023-02-16,2023-08-17,2023-08-18,2024-02-16,0.5092203134317443,-0.24069137775866753,0,0.01,-0.11888888888888888
WDC,2023-02-16,2023-08-17,2023-08-18,2024-02-16,0.4830558034989997,-0.017274564607581033,0,0.01,-0.01
HL,2023-02-16,2023-08-17,2023-08-18,2024-02-16,0.26226756365361187,-0.11079321017349932,0,0.11888888888888888,-0.8811111111111111
BB,2023-02-16,2023-08-17,2023-08-18,2024-02-16,0.1968209590108832,-0.32224743847057613,0,0.6633333333333333,-0.99
ON,2023-02-16,2023-08-17,2023-08-18,2024-02-16,0.1782666682358884,-0.12027287102776305,0,0.99,-0.99
HST,2023-02-16,2023-08-17,2023-08-18,2024-02-16,0.2731613962038636,0.23878150336757858,0,0.11888888888888888,-0.7722222222222221
GOOGL,2023-02-16,2023-08-17,2023-08-18,2024-02-16,0.4656358530017533,0.22853456352800106,0,0.01,-0.7722222222222221
LUMN,2023-02-16,2023-08-17,2023-08-18,2024-02-16,0.9390545055353047,0.49453585136745304,0,0.99,-0.01
MSTR,2023-08-18,2024-02-16,2024-02-20,2024-08-19,0.6335799441472126,1.3463869819826917,1,0.11888888888888888,-0.99
PLUG,2023-08-18,2024-02-16,2024-02-20,2024-08-19,1.3331369516951024,0.3300640480604461,0,0.5544444444444444,-0.7722222222222221
BAC,2023-08-18,2024-02-16,2024-02-20,2024-08-19,0.5037578726617324,-0.03159104056428938,0,0.11888888888888888,-0.11888888888888888
TU,2023-08-18,2024-02-16,2024-02-20,2024-08-19,0.22789076383102722,0.0772078241883979,0,0.99,-0.33666666666666667
C,2023-08-18,2024-02-16,2024-02-20,2024-08-19,0.3107646534206983,0.1380436447272328,0,0.11888888888888888,-0.99
DVN,2023-08-18,2024-02-16,2024-02-20,2024-08-19,0.36424381470444783,0.0625666795143382,0,0.7722222222222221,-0.8811111111111111
MS,2023-08-18,2024-02-16,2024-02-20,2024-08-19,0.2720752619208826,-0.19999829109413228,0,0.7722222222222221,-0.8811111111111111
WFC,2023-08-18,2024-02-16,2024-02-20,2024-08-19,0.3003866845040886,0.15566017851064448,0,0.22777777777777777,-0.99
HAL,2023-08-18,2024-02-16,2024-02-20,2024-08-19,0.3860915521759252,-0.04116624808346665,0,0.11888888888888888,-0.44555555555555554
VLY,2023-08-18,2024-02-16,2024-02-20,2024-08-19,0.2808379198845378,0.17954390848596152,0,0.33666666666666667,-0.8811111111111111
CMCSA,2023-08-18,2024-02-16,2024-02-20,2024-08-19,0.39169340213464143,0.17644552800930688,0,0.01,-0.11888888888888888
^VIX,2023-08-18,2024-02-16,2024-02-20,2024-08-19,0.5061598227924449,1.1559307698431722,1,0.99,-0.01
NEM,2023-08-18,2024-02-16,2024-02-20,2024-08-19,0.6191181554454666,-0.5136331829615506,0,0.01,-0.11888888888888888
NFLX,2023-08-18,2024-02-16,2024-02-20,2024-08-19,0.3727623341726343,0.14075844591657505,0,0.22777777777777777,-0.99
ASX,2024-02-20,2024-08-19,2024-08-20,2025-02-20,0.36073779416598956,-0.06666091493799448,0,0.22777777777777777,-0.99
FHN,2024-02-20,2024-08-19,2024-08-20,2025-02-20,0.3436059404645205,-0.2778897471009906,0,0.11888888888888888,-0.33666666666666667
GAP,2024-02-20,2024-08-19,2024-08-20,2025-02-20,0.8497022402725215,0.09492182946002327,0,0.6633333333333333,-0.01
GGB,2024-02-20,2024-08-19,2024-08-20,2025-02-20,0.26421288794202824,-0.05707938301021631,0,0.99,-0.6633333333333333
MS,2024-02-20,2024-08-19,2024-08-20,2025-02-20,0.45119655413366994,-0.04675885252144671,0,0.01,-0.7722222222222221
SONY,2024-02-20,2024-08-19,2024-08-20,2025-02-20,0.3416969717000736,-0.4046580489509187,0,0.6633333333333333,-0.33666666666666667
RF,2024-02-20,2024-08-19,2024-08-20,2025-02-20,0.24832382397181874,0.05116888447215742,0,0.22777777777777777,-0.99
EXAS,2024-02-20,2024-08-19,2024-08-20,2025-02-20,0.4218271491033917,-0.20287248660237817,0,0.99,-0.7722222222222221
^VIX,2024-02-20,2024-08-19,2024-08-20,2025-02-20,0.5697372386164143,1.272240293441331,1,0.99,-0.7722222222222221
BCS,2024-02-20,2024-08-19,2024-08-20,2025-02-20,0.2646215257147134,0.3052025157102167,1,0.01,-0.99
BMY,2024-02-20,2024-08-19,2024-08-20,2025-02-20,0.4377918730450554,0.17062197705910198,0,0.44555555555555554,-0.22777777777777777
BBD,2024-02-20,2024-08-19,2024-08-20,2025-02-20,0.15261052835340988,-0.1026033667155464,0,0.99,-0.99
BB,2024-02-20,2024-08-19,2024-08-20,2025-02-20,0.3795461489369493,0.8666280765889636,1,0.99,-0.8811111111111111
LNW,2024-02-20,2024-08-19,2024-08-20,2025-02-20,0.6585029611322543,-0.032284287976910894,0,0.01,-0.44555555555555554
PTEN,2024-08-20,2025-02-20,2025-02-21,2025-08-21,0.4321957837496328,0.3297213752071504,0,0.5544444444444444,-0.22777777777777777
OXY,2024-08-20,2025-02-20,2025-02-21,2025-08-21,0.2356684532628971,-0.12364461666341345,0,0.8811111111111111,-0.99
PLUG,2024-08-20,2025-02-20,2025-02-21,2025-08-21,0.8456535060444542,0.46889938225531136,0,0.99,-0.01
MU,2024-08-20,2025-02-20,2025-02-21,2025-08-21,0.9127612078737029,0.5814978487272674,0,0.44555555555555554,-0.44555555555555554
DVN,2024-08-20,2025-02-20,2025-02-21,2025-08-21,0.531599251517547,0.09294622353935691,0,0.6633333333333333,-0.11888888888888888
HAL,2024-08-20,2025-02-20,2025-02-21,2025-08-21,0.5842513586739496,0.3048811770195203,0,0.7722222222222221,-0.01
LOW,2024-08-20,2025-02-20,2025-02-21,2025-08-21,0.1359557318141499,-0.07537746118349237,0,0.99,-0.99
WDC,2024-08-20,2025-02-20,2025-02-21,2025-08-21,0.4127506346918864,0.5260491065524716,1,0.11888888888888888,-0.99
^VIX,2024-08-20,2025-02-20,2025-02-21,2025-08-21,0.807292147858113,1.7504407715639416,1,0.7722222222222221,-0.99
TEVA,2024-08-20,2025-02-20,2025-02-21,2025-08-21,0.21928673920207553,0.3346123304434317,1,0.99,-0.5544444444444444
TSCO,2024-08-20,2025-02-20,2025-02-21,2025-08-21,0.26364781468674464,0.07909317907097967,0,0.22777777777777777,-0.8811111111111111
NEM,2024-08-20,2025-02-20,2025-02-21,2025-08-21,0.35548514544292015,0.6055929184026012,1,0.11888888888888888,-0.22777777777777777
BBWI,2024-08-20,2025-02-20,2025-02-21,2025-08-21,0.4478423593647563,-0.1461041726676647,0,0.11888888888888888,-0.8811111111111111
CCJ,2024-08-20,2025-02-20,2025-02-21,2025-08-21,0.4959533530212142,-0.5215723752979663,0,0.11888888888888888,-0.11888888888888888
